method,prompt_type,round_index,rounds,avg_accept,dead_share,middle_share,full_share,avg_prefix_len
sync_k8,gsm8k,0,20,6.4,0.1,0.4,0.5,66.0
sync_k8,gsm8k,1,20,6.4,0.1,0.3,0.6,73.4
sync_k8,gsm8k,2,20,7.1,0.0,0.3,0.7,80.8
sync_k8,gsm8k,3,20,5.3,0.3,0.3,0.4,88.9
sync_k8,gsm8k,4,20,5.1,0.3,0.3,0.4,95.2
sync_k8,gsm8k,5,20,5.5,0.3,0.1,0.6,101.3
sync_k8,gsm8k,6,20,5.5,0.3,0.1,0.6,107.8
sync_k8,gsm8k,7,20,6.3,0.1,0.2,0.7,114.3
sync_k8,gsm8k,8,20,5.8,0.2,0.2,0.6,121.6
sync_k8,gsm8k,9,20,5.3,0.2,0.3,0.5,128.4
sync_k8,gsm8k,10,20,5.2,0.3,0.3,0.4,134.7
sync_k8,gsm8k,11,20,5.8,0.2,0.3,0.5,140.9
sync_k8,gsm8k,12,20,5.4,0.4,0.0,0.6,147.7
sync_k8,gsm8k,13,20,7.4,0.1,0.0,0.9,154.1
sync_k8,gsm8k,14,20,4.6,0.3,0.3,0.4,162.5
sync_k8,gsm8k,15,20,7.0,0.1,0.1,0.8,168.1
sync_k8,gsm8k,16,16,8.0,0.0,0.0,1.0,172.625
sync_k8,gsm8k,17,8,7.0,0.0,0.25,0.75,167.5
sync_k8,gsm8k,18,8,5.0,0.25,0.25,0.5,175.5
sync_k8,gsm8k,19,8,8.0,0.0,0.0,1.0,181.5
sync_k8,gsm8k,20,2,8.0,0.0,0.0,1.0,150.0
sync_k8,gsm8k,21,2,8.0,0.0,0.0,1.0,159.0
sync_k8,gsm8k,22,2,8.0,0.0,0.0,1.0,168.0
sync_k8,gsm8k,23,2,8.0,0.0,0.0,1.0,177.0
sync_k8,gsm8k,24,2,8.0,0.0,0.0,1.0,186.0
sync_k8,humaneval,0,20,2.4,0.8,0.0,0.2,112.9
sync_k8,humaneval,1,20,2.4,0.7,0.1,0.2,116.3
sync_k8,humaneval,2,20,3.9,0.4,0.3,0.3,119.7
sync_k8,humaneval,3,20,5.2,0.3,0.2,0.5,124.6
sync_k8,humaneval,4,20,6.4,0.2,0.0,0.8,130.8
sync_k8,humaneval,5,20,5.5,0.3,0.2,0.5,138.2
sync_k8,humaneval,6,20,5.1,0.3,0.4,0.3,144.7
sync_k8,humaneval,7,20,4.5,0.5,0.0,0.5,150.8
sync_k8,humaneval,8,20,4.9,0.4,0.0,0.6,156.3
sync_k8,humaneval,9,20,4.9,0.4,0.1,0.5,162.2
sync_k8,humaneval,10,20,5.5,0.3,0.1,0.6,168.1
sync_k8,humaneval,11,20,4.7,0.4,0.1,0.5,174.6
sync_k8,humaneval,12,20,5.5,0.3,0.1,0.6,180.3
sync_k8,humaneval,13,20,5.1,0.3,0.2,0.5,186.8
sync_k8,humaneval,14,20,5.2,0.2,0.4,0.4,192.9
sync_k8,humaneval,15,20,5.3,0.3,0.2,0.5,199.1
sync_k8,humaneval,16,20,5.6,0.3,0.2,0.5,205.4
sync_k8,humaneval,17,20,4.5,0.3,0.4,0.3,212.0
sync_k8,humaneval,18,18,5.0,0.3333333333333333,0.2222222222222222,0.4444444444444444,217.77777777777777
sync_k8,humaneval,19,16,6.25,0.125,0.25,0.625,217.0
sync_k8,humaneval,20,12,4.666666666666667,0.16666666666666666,0.5,0.3333333333333333,221.16666666666666
sync_k8,humaneval,21,10,5.6,0.4,0.0,0.6,222.4
sync_k8,humaneval,22,6,8.0,0.0,0.0,1.0,195.0
sync_k8,humaneval,23,4,4.5,0.5,0.0,0.5,191.0
sync_k8,humaneval,24,4,4.5,0.5,0.0,0.5,196.5
sync_k8,humaneval,25,4,4.5,0.5,0.0,0.5,202.0
sync_k8,humaneval,26,2,8.0,0.0,0.0,1.0,181.0
sync_k8,humaneval,27,2,3.0,0.0,1.0,0.0,190.0
sync_k8,humaneval,28,2,3.0,0.0,1.0,0.0,194.0
sync_k8,humaneval,29,2,8.0,0.0,0.0,1.0,198.0
sync_k8,humaneval,30,2,8.0,0.0,0.0,1.0,207.0
tree_k8_b3,gsm8k,0,20,6.4,0.1,0.4,0.5,66.0
tree_k8_b3,gsm8k,1,20,6.4,0.1,0.3,0.6,73.4
tree_k8_b3,gsm8k,2,20,7.1,0.0,0.3,0.7,80.8
tree_k8_b3,gsm8k,3,20,5.3,0.3,0.3,0.4,88.9
tree_k8_b3,gsm8k,4,20,5.1,0.3,0.3,0.4,95.2
tree_k8_b3,gsm8k,5,20,5.5,0.3,0.1,0.6,101.3
tree_k8_b3,gsm8k,6,20,5.5,0.3,0.1,0.6,107.8
tree_k8_b3,gsm8k,7,20,6.3,0.1,0.2,0.7,114.3
tree_k8_b3,gsm8k,8,20,5.8,0.2,0.2,0.6,121.6
tree_k8_b3,gsm8k,9,20,5.3,0.2,0.3,0.5,128.4
tree_k8_b3,gsm8k,10,20,5.2,0.3,0.3,0.4,134.7
tree_k8_b3,gsm8k,11,20,5.8,0.2,0.3,0.5,140.9
tree_k8_b3,gsm8k,12,20,5.4,0.4,0.0,0.6,147.7
tree_k8_b3,gsm8k,13,20,7.4,0.1,0.0,0.9,154.1
tree_k8_b3,gsm8k,14,20,5.1,0.3,0.2,0.5,162.5
tree_k8_b3,gsm8k,15,20,7.0,0.1,0.1,0.8,168.6
tree_k8_b3,gsm8k,16,16,8.0,0.0,0.0,1.0,172.625
tree_k8_b3,gsm8k,17,8,7.0,0.0,0.25,0.75,167.5
tree_k8_b3,gsm8k,18,8,5.0,0.25,0.25,0.5,175.5
tree_k8_b3,gsm8k,19,8,8.0,0.0,0.0,1.0,181.5
tree_k8_b3,gsm8k,20,2,8.0,0.0,0.0,1.0,150.0
tree_k8_b3,gsm8k,21,2,8.0,0.0,0.0,1.0,159.0
tree_k8_b3,gsm8k,22,2,8.0,0.0,0.0,1.0,168.0
tree_k8_b3,gsm8k,23,2,8.0,0.0,0.0,1.0,177.0
tree_k8_b3,gsm8k,24,2,8.0,0.0,0.0,1.0,186.0
tree_k8_b3,humaneval,0,20,2.4,0.8,0.0,0.2,112.9
tree_k8_b3,humaneval,1,20,2.4,0.7,0.1,0.2,116.3
tree_k8_b3,humaneval,2,20,3.9,0.4,0.3,0.3,119.7
tree_k8_b3,humaneval,3,20,5.2,0.3,0.2,0.5,124.6
tree_k8_b3,humaneval,4,20,6.4,0.2,0.0,0.8,130.8
tree_k8_b3,humaneval,5,20,5.5,0.3,0.2,0.5,138.2
tree_k8_b3,humaneval,6,20,5.1,0.3,0.4,0.3,144.7
tree_k8_b3,humaneval,7,20,4.5,0.5,0.0,0.5,150.8
tree_k8_b3,humaneval,8,20,4.9,0.4,0.0,0.6,156.3
tree_k8_b3,humaneval,9,20,4.9,0.4,0.1,0.5,162.2
tree_k8_b3,humaneval,10,20,5.5,0.3,0.1,0.6,168.1
tree_k8_b3,humaneval,11,20,4.7,0.4,0.1,0.5,174.6
tree_k8_b3,humaneval,12,20,5.5,0.3,0.1,0.6,180.3
tree_k8_b3,humaneval,13,20,5.1,0.3,0.2,0.5,186.8
tree_k8_b3,humaneval,14,20,5.2,0.2,0.4,0.4,192.9
tree_k8_b3,humaneval,15,20,5.3,0.3,0.2,0.5,199.1
tree_k8_b3,humaneval,16,20,5.6,0.3,0.2,0.5,205.4
tree_k8_b3,humaneval,17,20,4.6,0.3,0.4,0.3,212.0
tree_k8_b3,humaneval,18,18,5.0,0.3333333333333333,0.2222222222222222,0.4444444444444444,217.77777777777777
tree_k8_b3,humaneval,19,16,6.25,0.125,0.25,0.625,217.0
tree_k8_b3,humaneval,20,12,5.166666666666667,0.16666666666666666,0.5,0.3333333333333333,221.16666666666666
tree_k8_b3,humaneval,21,10,6.8,0.2,0.0,0.8,223.0
tree_k8_b3,humaneval,22,6,5.666666666666667,0.3333333333333333,0.0,0.6666666666666666,198.0
tree_k8_b3,humaneval,23,4,4.5,0.5,0.0,0.5,192.0
tree_k8_b3,humaneval,24,4,4.5,0.5,0.0,0.5,197.5
tree_k8_b3,humaneval,25,4,8.0,0.0,0.0,1.0,203.0
tree_k8_b3,humaneval,26,2,3.0,0.0,1.0,0.0,190.0
tree_k8_b3,humaneval,27,2,3.0,0.0,1.0,0.0,194.0
tree_k8_b3,humaneval,28,2,8.0,0.0,0.0,1.0,198.0
tree_k8_b3,humaneval,29,2,8.0,0.0,0.0,1.0,207.0
