method,prompt_type,prompt_id,reuse_interval,tokens_generated,rounds,draft_length,accepted_draft_tokens,acceptance_length,acceptance_ratio,total_time_ms,tokens_per_second,latency_per_accepted_token_ms,simulated_network_ms,retrieval_updates,network_ms_per_update,mean_oracle_overlap
reuse_R1_k8,pg19,1,1,514,113,12,401,3.5486725663716814,0.29572271386430676,43645.2386819999,11.776771430785715,108.84099421945112,2114.08,0,,
reuse_R1_k16,pg19,1,1,514,113,12,401,3.5486725663716814,0.29572271386430676,43876.98666200004,11.714569278868758,109.41891935660858,2114.23,0,,
reuse_R2_k8,pg19,1,2,514,112,12,402,3.5892857142857144,0.29910714285714285,40336.974018000095,12.742651438618847,100.34073138805994,2095.39,0,,
reuse_R2_k16,pg19,1,2,514,113,12,401,3.5486725663716814,0.29572271386430676,41600.03258200004,12.355759553476963,103.7407296309228,2114.1,0,,
reuse_R4_k8,pg19,1,4,514,113,12,401,3.5486725663716814,0.29572271386430676,39144.034724,13.13099182606376,97.61604669326682,2114.0,0,,
reuse_R4_k16,pg19,1,4,514,112,12,402,3.5892857142857144,0.29910714285714285,39019.44280299995,13.172920038737251,97.06329055472624,2095.36,0,,
reuse_R8_k8,pg19,1,8,514,113,12,401,3.5486725663716814,0.29572271386430676,37519.78473200006,13.699438940586917,93.56554796009989,2114.04,0,,
reuse_R8_k16,pg19,1,8,514,112,12,402,3.5892857142857144,0.29910714285714285,37343.33503400012,13.764169684684472,92.8938682437814,2095.38,0,,
reuse_R16_k8,pg19,1,16,514,113,12,401,3.5486725663716814,0.29572271386430676,37248.446091000005,13.799233362494363,92.88889299501248,2113.98,0,,
reuse_R16_k16,pg19,1,16,514,112,12,402,3.5892857142857144,0.29910714285714285,36728.88821200013,13.994433946194565,91.36539356218938,2095.31,0,,
reuse_R32_k8,pg19,1,32,514,116,12,398,3.4310344827586206,0.2859195402298851,37824.26833699992,13.5891590927934,95.03585009296462,2170.09,0,,
reuse_R32_k16,pg19,1,32,514,112,12,402,3.5892857142857144,0.29910714285714285,36464.98000400016,14.095715942902338,90.70890548258745,2095.3,0,,
no_update_k8,pg19,1,0,515,125,12,390,3.12,0.26,40390.31330299986,12.750581956039198,103.56490590512784,2337.83,0,,
no_update_k16,pg19,1,0,515,124,12,391,3.153225806451613,0.26276881720430106,41199.298252000066,12.500212912607042,105.36904923785183,2319.18,0,,
reuse_R1_k8,pg19,2,1,514,139,12,375,2.697841726618705,0.22482014388489208,57068.840832000205,9.006666203596426,152.18357555200055,2709.54,0,,
reuse_R1_k16,pg19,2,1,514,139,12,375,2.697841726618705,0.22482014388489208,54918.91849700005,9.359252040407119,146.45044932533347,2709.95,0,,
reuse_R2_k8,pg19,2,2,515,141,12,374,2.652482269503546,0.22104018912529552,52203.59391600004,9.865221172869404,139.5818019144386,2748.03,0,,
reuse_R2_k16,pg19,2,2,515,139,12,376,2.7050359712230216,0.22541966426858512,50371.050870000094,10.224126578759206,133.96556082446833,2709.56,0,,
reuse_R4_k8,pg19,2,4,514,144,12,370,2.5694444444444446,0.21412037037037038,51180.89379599996,10.042810155851004,138.3267399891891,2806.85,0,,
reuse_R4_k16,pg19,2,4,514,138,12,376,2.7246376811594204,0.22705314009661837,49296.2876040001,10.42674864543536,131.10714788297898,2690.23,0,,
reuse_R8_k8,pg19,2,8,515,142,12,373,2.6267605633802815,0.21889671361502347,49505.80498999989,10.402820439017795,132.72333777479864,2767.76,0,,
reuse_R8_k16,pg19,2,8,513,120,12,393,3.275,0.27291666666666664,42206.01554699988,12.154665474847588,107.39444159541954,2337.66,0,,
reuse_R16_k8,pg19,2,16,512,117,12,395,3.376068376068376,0.2813390313390313,42051.75237200001,12.175473580047836,106.4601325873418,2278.99,0,,
reuse_R16_k16,pg19,2,16,514,137,12,377,2.7518248175182483,0.22931873479318735,46932.79868500031,10.951829304913668,124.49018218832973,2670.59,0,,
reuse_R32_k8,pg19,2,32,515,141,12,374,2.652482269503546,0.22104018912529552,49955.236389000216,10.30922956684075,133.57015077272786,2748.45,0,,
reuse_R32_k16,pg19,2,32,514,138,12,376,2.7246376811594204,0.22705314009661837,46798.16555199977,10.983336503412062,124.46320625531854,2690.03,0,,
no_update_k8,pg19,2,0,516,234,12,282,1.205128205128205,0.10042735042735043,78101.01240199992,6.606828568931417,276.95394468794296,4557.73,0,,
no_update_k16,pg19,2,0,516,227,12,289,1.2731277533039647,0.10609397944199707,80041.89408799994,6.446624057055639,276.9615712387541,4421.93,0,,
reuse_R1_k8,pg19,3,1,514,138,12,376,2.7246376811594204,0.22705314009661837,58208.058299000186,8.83039247520869,154.80866568883027,2580.18,0,,
reuse_R1_k16,pg19,3,1,514,123,12,391,3.178861788617886,0.26490514905149054,51948.167958999875,9.894477903545605,132.8597646010227,2299.86,0,,
reuse_R2_k8,pg19,3,2,516,141,12,375,2.6595744680851063,0.22163120567375885,51814.574140999866,9.958588072071004,138.17219770933298,2636.79,0,,
reuse_R2_k16,pg19,3,2,512,128,12,384,3.0,0.25,48028.548286999925,10.660326373815987,125.07434449739564,2393.37,0,,
reuse_R4_k8,pg19,3,4,516,140,12,376,2.6857142857142855,0.22380952380952382,49797.24317599994,10.362019402887128,132.43947653191472,2618.2,0,,
reuse_R4_k16,pg19,3,4,515,134,12,381,2.843283582089552,0.23694029850746268,46656.49795799982,11.038119501888097,122.4579998897633,2504.98,0,,
reuse_R8_k8,pg19,3,8,513,145,12,368,2.537931034482759,0.21149425287356322,49522.58533999975,10.35890990904399,134.57224277173844,2710.69,0,,
reuse_R8_k16,pg19,3,8,514,133,12,381,2.8646616541353382,0.2387218045112782,45560.21345499994,11.281773306608418,119.580612742782,2486.03,0,,
reuse_R16_k8,pg19,3,16,515,151,12,364,2.410596026490066,0.20088300220750552,50173.76777799973,10.264327811271489,137.84002136813112,2823.82,0,,
reuse_R16_k16,pg19,3,16,516,142,12,374,2.6338028169014085,0.21948356807511737,47723.79478499988,10.81221647030853,127.60372937165744,2655.75,0,,
reuse_R32_k8,pg19,3,32,515,154,12,361,2.344155844155844,0.19534632034632035,52449.31421599995,9.819003502678715,145.28895904709128,2879.81,0,,
reuse_R32_k16,pg19,3,32,512,140,12,372,2.657142857142857,0.22142857142857142,47790.0268620001,10.713532375247798,128.46781414516155,2616.96,0,,
no_update_k8,pg19,3,0,512,224,12,288,1.2857142857142858,0.10714285714285714,74208.36427099994,6.8994917895001455,257.66793149652756,4186.6,0,,
no_update_k16,pg19,3,0,513,207,12,306,1.4782608695652173,0.12318840579710146,68319.54354900017,7.508832368472514,223.26648218627506,3868.86,0,,
