network,method,prompt_type,prompt_id,tokens,total_ms,tps,server_model_ms,http_rpc_ms,local_draft_ms,sim_network_ms,avg_rtt_ms,rounds,acceptance_rate,accepted_per_round,generated_per_round,prefetched_tokens,reused_branch_count,selected_offset,exposed_branch_ms,method_label,direct_tps,direct_total_ms,speedup_vs_direct,ms_saved_vs_direct
good,direct,gsm8k,1,128,2940.549378000059,43.5292809424122,2913.2041931152344,2915.423578000059,0.0,25.125799999999998,0.0,0,0.0,0.0,0.0,0.0,0.0,0.0,0.0,Direct,43.5292809424122,2940.549378000059,1.0,0.0
good,sync_k8,gsm8k,1,130,2413.8383865356445,53.85613250876202,1143.376350402832,1178.216929333201,725.7263660430908,504.57,84.13934646666004,20,0.6875,5.5,6.5,0.0,0.0,0.0,0.0,Sync K=8,43.5292809424122,2940.549378000059,1.237239194922882,526.7109914644143
good,tree_k8_b3,gsm8k,1,130,2244.2342670000244,57.926216487986004,1138.9315128326416,1183.3454619997513,2006.8803919997436,504.57,84.39577309998757,20,0.6875,5.5,6.5,2.85,0.55,4.4,0.048677500001304,Tree K=8 B=3,43.5292809424122,2940.549378000059,1.3307414051847186,696.3151110000344
good,direct,gsm8k,2,128,3017.456110666664,42.41983820328715,2988.6341094970703,2992.297043999997,0.0,25.159066666666668,0.0,0,0.0,0.0,0.0,0.0,0.0,0.0,0.0,Direct,42.41983820328715,3017.456110666664,1.0,0.0
good,sync_k8,gsm8k,2,129,2567.863702774048,50.23631116427327,1279.8161506652832,1322.3364569999821,733.8557243347168,505.32,91.3828228499991,20,0.68125,5.45,6.45,0.0,0.0,0.0,0.0,Sync K=8,42.41983820328715,3017.456110666664,1.1842645632811588,449.59240789261594
good,tree_k8_b3,gsm8k,2,129,2333.7140360000603,55.276695434845756,1284.6119403839111,1325.7731476667461,1911.736256999916,505.32,91.55465738333731,20,0.68125,5.45,6.45,3.1,0.45,3.6,0.0,Tree K=8 B=3,42.41983820328715,3017.456110666664,1.303085956385433,683.7420746666035
good,direct,gsm8k,3,128,2890.8223473334037,44.27805815119414,2863.0666732788086,2865.6916140000703,0.0,25.130733333333332,0.0,0,0.0,0.0,0.0,0.0,0.0,0.0,0.0,Direct,44.27805815119414,2890.8223473334037,1.0,0.0
good,sync_k8,gsm8k,3,135,2125.749111175537,63.50702408401579,1038.6219024658203,1067.5474300000542,623.4481334686279,429.17,88.04220176470906,17,0.8676470588235294,6.9411764705882355,7.9411764705882355,0.0,0.0,0.0,0.0,Sync K=8,44.27805815119414,2890.8223473334037,1.4342775346461996,765.0732361578666
good,tree_k8_b3,gsm8k,3,135,1978.867097000034,68.22085232740503,1044.7626113891602,1075.976113666929,1768.221123999524,429.17,88.53800668628993,17,0.8676470588235294,6.9411764705882355,7.9411764705882355,3.0,0.47058823529411764,3.764705882352941,0.1647734117515189,Tree K=8 B=3,44.27805815119414,2890.8223473334037,1.5407372223608946,911.9552503333698
good,direct,gsm8k,4,128,2809.6682023333115,45.55698067611734,2781.0471057891846,2784.5538689999785,0.0,25.114333333333335,0.0,0,0.0,0.0,0.0,0.0,0.0,0.0,0.0,Direct,45.55698067611734,2809.6682023333115,1.0,0.0
good,sync_k8,gsm8k,4,129,2504.3208599090576,51.510971323652406,1414.12353515625,1447.577112999902,622.2963333129883,428.76,110.3727713529354,17,0.8235294117647058,6.588235294117647,7.588235294117647,0.0,0.0,0.0,0.0,Sync K=8,45.55698067611734,2809.6682023333115,1.1306932671825718,305.34734242425384
good,tree_k8_b3,gsm8k,4,129,1734.168885000031,74.38721863585835,898.6420631408691,925.5973396668005,1535.763928000847,428.76,79.66807880392942,17,0.8235294117647058,6.588235294117647,7.588235294117647,4.470588235294118,0.7647058823529411,6.117647058823529,0.07670258823696606,Tree K=8 B=3,45.55698067611734,2809.6682023333115,1.632839084853024,1075.4993173332805
good,direct,gsm8k,5,128,2867.3493906667145,44.640531222544006,2840.0182723999023,2842.2393240000474,0.0,25.11006666666667,0.0,0,0.0,0.0,0.0,0.0,0.0,0.0,0.0,Direct,44.640531222544006,2867.3493906667145,1.0,0.0
good,sync_k8,gsm8k,5,133,2955.237865447998,45.00483753101814,1339.8802280426025,1387.153368666999,930.5019378662109,630.46,80.70453474667994,25,0.54,4.32,5.32,0.0,0.0,0.0,0.0,Sync K=8,44.640531222544006,2867.3493906667145,1.0081608864970262,-87.88847478128355
good,tree_k8_b3,gsm8k,5,133,2781.60539299995,47.81411494768496,1345.902442932129,1398.1501233334845,2468.8782310003035,630.46,81.14440493333937,25,0.54,4.32,5.32,2.48,0.4,3.2,0.0532288000022163,Tree K=8 B=3,44.640531222544006,2867.3493906667145,1.0710919793790057,85.7439976667647
good,direct,gsm8k,6,128,2978.782201999981,42.97058036470732,2951.113224029541,2953.655401999981,0.0,25.126800000000003,0.0,0,0.0,0.0,0.0,0.0,0.0,0.0,0.0,Direct,42.97058036470732,2978.782201999981,1.0,0.0
good,sync_k8,gsm8k,6,128,2356.9822311401367,54.306731000718194,1082.857370376587,1118.5630803339259,728.1069755554199,504.47,81.15165401669631,20,0.675,5.4,6.4,0.0,0.0,0.0,0.0,Sync K=8,42.97058036470732,2978.782201999981,1.2638119043260936,621.7999708598445
good,tree_k8_b3,gsm8k,6,128,2212.896109999974,57.84275159668544,1103.4369468688965,1140.4819070002002,2013.2087950012192,504.47,82.24759535001002,20,0.675,5.4,6.4,2.55,0.4,3.2,0.02504980000139767,Tree K=8 B=3,42.97058036470732,2978.782201999981,1.3461012419602543,765.886092000007
good,direct,gsm8k,7,128,2778.3311276666486,46.070822417592616,2748.3906745910645,2753.200860999982,0.0,25.130266666666667,0.0,0,0.0,0.0,0.0,0.0,0.0,0.0,0.0,Direct,46.070822417592616,2778.3311276666486,1.0,0.0
good,sync_k8,gsm8k,7,130,1902.7056694030762,68.32375710573463,863.6946678161621,891.9204800002044,602.4909019470215,403.48,80.96253000001276,16,0.890625,7.125,8.125,0.0,0.0,0.0,0.0,Sync K=8,46.070822417592616,2778.3311276666486,1.4830157900468584,875.6254582635725
good,tree_k8_b3,gsm8k,7,135,1637.4277740000025,82.446384593938,863.5799884796143,893.3019200002425,1522.04177300041,403.49,81.04949500001517,16,0.9296875,7.4375,8.4375,4.8125,0.75,6.0,0.04384587499828285,Tree K=8 B=3,46.070822417592616,2778.3311276666486,1.7895574740696405,1140.9033536666461
good,direct,gsm8k,8,128,2957.8956603333954,43.27400784163315,2930.835247039795,2932.782927000062,0.0,25.11273333333333,0.0,0,0.0,0.0,0.0,0.0,0.0,0.0,0.0,Direct,43.27400784163315,2957.8956603333954,1.0,0.0
good,sync_k8,gsm8k,8,132,2010.6806755065918,65.649409977416,947.288990020752,978.3623310003386,598.4106063842773,428.83,82.77601947060816,17,0.8455882352941176,6.764705882352941,7.764705882352941,0.0,0.0,0.0,0.0,Sync K=8,43.27400784163315,2957.8956603333954,1.5170633193409897,947.2149848268036
good,tree_k8_b3,gsm8k,8,132,1773.4059739999566,74.43304124112713,958.2901000976562,988.9868723333434,1596.0299130002795,428.83,83.40099249019666,17,0.8455882352941176,6.764705882352941,7.764705882352941,4.647058823529412,0.7058823529411765,5.647058823529412,0.06979905881909122,Tree K=8 B=3,43.27400784163315,2957.8956603333954,1.7200403880667698,1184.4896863334388
good,direct,gsm8k,9,128,2900.345202999957,44.13267767836872,2873.1322288513184,2875.238602999957,0.0,25.1066,0.0,0,0.0,0.0,0.0,0.0,0.0,0.0,0.0,Direct,44.13267767836872,2900.345202999957,1.0,0.0
good,sync_k8,gsm8k,9,136,1896.7998027801514,71.69971222090173,862.410306930542,890.7432819999831,597.3832607269287,403.55,80.89333012499894,16,0.9375,7.5,8.5,0.0,0.0,0.0,0.0,Sync K=8,44.13267767836872,2900.345202999957,1.6246399718466384,1003.5454002198057
good,tree_k8_b3,gsm8k,9,136,1710.7347480000499,79.49800526293866,871.4921474456787,901.6448313334092,1505.1621070007286,403.55,81.57467695833807,16,0.9375,7.5,8.5,4.0625,0.75,6.0,0.09478506250815144,Tree K=8 B=3,44.13267767836872,2900.345202999957,1.8013410797846052,1189.6104549999072
good,direct,gsm8k,10,128,3016.8009746666776,42.42905020081497,2989.7141456604004,2991.681308000011,0.0,25.119666666666667,0.0,0,0.0,0.0,0.0,0.0,0.0,0.0,0.0,Direct,42.42905020081497,3016.8009746666776,1.0,0.0
good,sync_k8,gsm8k,10,128,2003.5223960876465,63.887481492570494,913.7842655181885,944.3053326667825,624.6242523193359,428.71,80.76560780392839,17,0.8161764705882353,6.529411764705882,7.529411764705882,0.0,0.0,0.0,0.0,Sync K=8,42.42905020081497,3016.8009746666776,1.5057485659045782,1013.2785785790311
good,tree_k8_b3,gsm8k,10,128,1838.957697000069,69.60464626718121,921.0221767425537,956.1364400001255,1611.8176470002936,428.7,81.46096705883092,17,0.8161764705882353,6.529411764705882,7.529411764705882,3.7058823529411766,0.5882352941176471,4.705882352941177,0.058983588233144583,Tree K=8 B=3,42.42905020081497,3016.8009746666776,1.6404950367200126,1177.8432776666086
good,direct,humaneval,1,128,2860.0420863332665,44.754586169080866,2833.0087661743164,2834.886552999933,0.0,25.15553333333333,0.0,0,0.0,0.0,0.0,0.0,0.0,0.0,0.0,Direct,44.754586169080866,2860.0420863332665,1.0,0.0
good,sync_k8,humaneval,1,130,2867.4049377441406,45.33716123899621,1519.2224979400635,1557.5459136665418,771.7280387878418,531.16,99.4621863650734,21,0.6488095238095238,5.190476190476191,6.190476190476191,0.0,0.0,0.0,0.0,Sync K=8,44.754586169080866,2860.0420863332665,1.0130171032688002,-7.3628514108741
good,tree_k8_b3,humaneval,1,130,2612.2813139999153,49.76493125119993,1528.2642841339111,1573.599207333365,2220.70949099907,531.16,100.22662892063644,21,0.6488095238095238,5.190476190476191,6.190476190476191,3.619047619047619,0.5238095238095238,4.190476190476191,0.0,Tree K=8 B=3,44.754586169080866,2860.0420863332665,1.1119515453274487,247.76077233335127
good,direct,humaneval,2,128,2962.973483000044,43.199846618403946,2933.9659214019775,2937.846483000044,0.0,25.127,0.0,0,0.0,0.0,0.0,0.0,0.0,0.0,0.0,Direct,43.199846618403946,2962.973483000044,1.0,0.0
good,sync_k8,humaneval,2,133,3492.5546646118164,38.08100739198664,1809.077262878418,1860.8662833330113,966.7665958404541,656.91,96.83754935896195,26,0.5144230769230769,4.115384615384615,5.115384615384615,0.0,0.0,0.0,0.0,Sync K=8,43.199846618403946,2962.973483000044,0.8815079305342582,-529.5811816117725
good,tree_k8_b3,humaneval,2,133,3177.858178000065,41.852087963126614,1801.4202117919922,1853.2227770002269,2677.8085829994325,656.91,96.54356834616257,26,0.5144230769230769,4.115384615384615,5.115384615384615,2.8846153846153846,0.4230769230769231,3.3846153846153846,0.0,Tree K=8 B=3,43.199846618403946,2962.973483000044,0.9688017722103864,-214.8846950000211
good,direct,humaneval,3,128,2918.80843033336,43.85351182002068,2889.7807598114014,2893.6214970000265,0.0,25.186933333333332,0.0,0,0.0,0.0,0.0,0.0,0.0,0.0,0.0,Direct,43.85351182002068,2918.80843033336,1.0,0.0
good,sync_k8,humaneval,3,128,3167.7534580230713,40.40718499598202,1752.683401107788,1790.450693666514,813.4374618530273,557.01,106.70275880302333,22,0.6022727272727273,4.818181818181818,5.818181818181818,0.0,0.0,0.0,0.0,Sync K=8,43.85351182002068,2918.80843033336,0.9214127516586873,-248.94502768971142
good,tree_k8_b3,humaneval,3,128,3013.458620999927,42.476110044453506,1757.7860355377197,1802.8213253325814,2421.9441250008913,557.01,107.2650602423901,22,0.6022727272727273,4.818181818181818,5.818181818181818,2.1363636363636362,0.3181818181818182,2.5454545454545454,0.0,Tree K=8 B=3,43.85351182002068,2918.80843033336,0.9685908444181125,-94.65019066656714
good,direct,humaneval,4,128,2964.2567389999817,43.18114497841436,2936.552047729492,2939.1225389999818,0.0,25.1342,0.0,0,0.0,0.0,0.0,0.0,0.0,0.0,0.0,Direct,43.18114497841436,2964.2567389999817,1.0,0.0
good,sync_k8,humaneval,4,136,2990.670919418335,45.47474585617433,1542.1116352081299,1580.9772509999643,821.9444751739502,580.88,93.99379352173759,23,0.6141304347826086,4.913043478260869,5.913043478260869,0.0,0.0,0.0,0.0,Sync K=8,43.18114497841436,2964.2567389999817,1.0531157957693458,-26.414180418353226
good,tree_k8_b3,humaneval,4,136,2766.937424000048,49.15181630793456,1545.3903675079346,1589.512725333199,2311.2559680004097,580.88,94.36490110144341,23,0.6141304347826086,4.913043478260869,5.913043478260869,2.9565217391304346,0.43478260869565216,3.4782608695652173,0.0,Tree K=8 B=3,43.18114497841436,2964.2567389999817,1.1382703337881581,197.3193149999338
good,direct,humaneval,5,128,2894.3585383333016,44.22396130429232,2866.550922393799,2869.183004999968,0.0,25.175533333333334,0.0,0,0.0,0.0,0.0,0.0,0.0,0.0,0.0,Direct,44.22396130429232,2894.3585383333016,1.0,0.0
good,sync_k8,humaneval,5,136,3867.868423461914,35.161485632511244,2431.593894958496,2472.4475839998877,831.0389518737793,557.62,137.7303447272676,22,0.6477272727272727,5.181818181818182,6.181818181818182,0.0,0.0,0.0,0.0,Sync K=8,44.22396130429232,2894.3585383333016,0.7950777043823642,-973.5098851286125
good,tree_k8_b3,humaneval,5,136,3599.294544999907,37.785182151577295,2444.310188293457,2488.7454446666925,2445.209676000786,557.62,138.47115657575876,22,0.6477272727272727,5.181818181818182,6.181818181818182,3.1818181818181817,0.45454545454545453,3.6363636363636362,0.0,Tree K=8 B=3,44.22396130429232,2894.3585383333016,0.8544051920538814,-704.9360066666054
good,direct,humaneval,6,128,2885.9252160000774,44.35319366224235,2857.7182292938232,2860.7362160000775,0.0,25.189,0.0,0,0.0,0.0,0.0,0.0,0.0,0.0,0.0,Direct,44.35319366224235,2885.9252160000774,1.0,0.0
good,sync_k8,humaneval,6,136,2940.5722618103027,46.249501080539474,1668.8258647918701,1706.8822063331488,721.3573455810547,506.43,110.66561031665746,20,0.725,5.8,6.8,0.0,0.0,0.0,0.0,Sync K=8,44.35319366224235,2885.9252160000774,1.0427546984043101,-54.647045810225336
good,tree_k8_b3,humaneval,6,136,2658.6358609999934,51.15405309730769,1675.044298171997,1718.2129233332719,2048.523820999776,506.43,111.2321461666636,20,0.725,5.8,6.8,4.15,0.6,4.8,0.0,Tree K=8 B=3,44.35319366224235,2885.9252160000774,1.153334154172868,227.28935500008402
good,direct,humaneval,7,76,1717.964382333381,44.238402601091735,1689.2471313476562,1692.8504490000478,0.0,25.113933333333335,0.0,0,0.0,0.0,0.0,0.0,0.0,0.0,0.0,Direct,44.238402601091735,1717.964382333381,1.0,0.0
good,sync_k8,humaneval,7,130,3818.819999694824,34.041929185033275,1870.4626560211182,1937.771716667421,1087.8124237060547,782.62,87.75457150540069,31,0.4194915254237288,3.193548387096774,4.193548387096774,0.0,0.0,0.0,0.0,Sync K=8,44.238402601091735,1717.964382333381,0.7695108137605577,-2100.8556173614434
good,tree_k8_b3,humaneval,7,130,3564.4891590000043,36.470864183093965,1807.732105255127,1878.668345667103,3238.8308550006286,757.34,87.86694485557011,30,0.4291845493562232,3.3333333333333335,4.333333333333333,1.7333333333333334,0.26666666666666666,2.1333333333333333,0.05863599999808381,Tree K=8 B=3,44.238402601091735,1717.964382333381,0.8244163902562323,-1846.5247766666232
good,direct,humaneval,8,128,2985.4079906666466,42.875211830399564,2957.8988552093506,2960.25952399998,0.0,25.148466666666668,0.0,0,0.0,0.0,0.0,0.0,0.0,0.0,0.0,Direct,42.875211830399564,2985.4079906666466,1.0,0.0
good,sync_k8,humaneval,8,128,2312.544822692871,55.350278508742086,1143.6810493469238,1183.569653666571,668.4703826904297,454.74,91.01720298147617,18,0.7638888888888888,6.111111111111111,7.111111111111111,0.0,0.0,0.0,0.0,Sync K=8,42.875211830399564,2985.4079906666466,1.2909622167626795,672.8631679737755
good,tree_k8_b3,humaneval,8,129,2059.5027780000237,62.63647778386173,1139.1737461090088,1177.8451546666531,1806.8125319996398,454.74,90.69917525925852,18,0.7708333333333334,6.166666666666667,7.166666666666667,3.9444444444444446,0.6666666666666666,5.333333333333333,0.0617186111134692,Tree K=8 B=3,42.875211830399564,2985.4079906666466,1.460901885024646,925.9052126666229
good,direct,humaneval,9,128,2945.046292666611,43.46281425821038,2917.024612426758,2919.852025999944,0.0,25.194266666666664,0.0,0,0.0,0.0,0.0,0.0,0.0,0.0,0.0,Direct,43.46281425821038,2945.046292666611,1.0,0.0
good,sync_k8,humaneval,9,132,2936.126470565796,44.95719149814531,1700.1471519470215,1733.6254659997098,715.2442932128906,481.23,116.57134031577422,19,0.743421052631579,5.947368421052632,6.947368421052632,0.0,0.0,0.0,0.0,Sync K=8,43.46281425821038,2945.046292666611,1.0343828917993416,8.919822100815054
good,tree_k8_b3,humaneval,9,132,2653.607375999968,49.74360607897315,1720.808744430542,1756.619587000017,1879.8114170003828,481.23,117.78155721052721,19,0.743421052631579,5.947368421052632,6.947368421052632,4.315789473684211,0.631578947368421,5.052631578947368,0.0,Tree K=8 B=3,43.46281425821038,2945.046292666611,1.14450955208397,291.43891666664285
good,direct,humaneval,10,128,2888.611629666674,44.31194511765167,2860.687732696533,2863.4985630000074,0.0,25.11306666666667,0.0,0,0.0,0.0,0.0,0.0,0.0,0.0,0.0,Direct,44.31194511765167,2888.611629666674,1.0,0.0
good,sync_k8,humaneval,10,131,2434.251308441162,53.81531460853537,1160.094976425171,1190.3789503334306,733.5238456726074,504.71,84.75444751667153,20,0.69375,5.55,6.55,0.0,0.0,0.0,0.0,Sync K=8,44.31194511765167,2888.611629666674,1.2144651846280166,454.36032122551205
good,tree_k8_b3,humaneval,10,131,2242.7803780000204,58.40964246210237,1170.8219051361084,1211.8985150001408,1963.0622209998592,504.71,85.83042575000705,20,0.69375,5.55,6.55,3.3,0.6,4.8,0.08388119999267474,Tree K=8 B=3,44.31194511765167,2888.611629666674,1.3181466601617287,645.8312516666538
medium,direct,gsm8k,1,128,2882.0784587142984,44.41239259568981,2823.6172199249268,2826.8101730000126,0.0,55.26828571428571,0.0,0,0.0,0.0,0.0,0.0,0.0,0.0,0.0,Direct,44.41239259568981,2882.0784587142984,1.0,0.0
medium,sync_k8,gsm8k,1,130,2998.225450515747,43.35898088572283,1147.3186016082764,1181.060262285397,704.190731048584,1107.3,114.41801311426983,20,0.6875,5.5,6.5,0.0,0.0,0.0,0.0,Sync K=8,44.41239259568981,2882.0784587142984,0.9762811312698967,-116.14699180144862
medium,tree_k8_b3,gsm8k,1,130,2714.0715889999,47.89851547280052,1137.7248764038086,1170.1442309999422,2046.756359000483,1107.3,113.8722115499971,20,0.6875,5.5,6.5,3.7,0.55,4.4,0.014448100000663544,Tree K=8 B=3,44.41239259568981,2882.0784587142984,1.0784943722543117,168.00686971439836
medium,direct,gsm8k,2,128,2887.1480434285936,44.33440823768612,2829.2508125305176,2831.840272000022,0.0,55.30777142857143,0.0,0,0.0,0.0,0.0,0.0,0.0,0.0,0.0,Direct,44.33440823768612,2887.1480434285936,1.0,0.0
medium,sync_k8,gsm8k,2,129,3186.8350505828857,40.47903263032247,1282.7816009521484,1320.04000628573,752.098560333252,1108.43,121.4235003142865,20,0.68125,5.45,6.45,0.0,0.0,0.0,0.0,Sync K=8,44.33440823768612,2887.1480434285936,0.9130387488946696,-299.68700715429213
medium,tree_k8_b3,gsm8k,2,129,2900.1851970000416,44.47991808710626,1268.8746452331543,1304.80592071453,2140.8091569999215,1108.43,120.66179603572652,20,0.68125,5.45,6.45,3.15,0.45,3.6,0.0,Tree K=8 B=3,44.33440823768612,2887.1480434285936,1.0032820974769763,-13.037153571448016
medium,direct,gsm8k,3,128,2919.1565037142605,43.84828283003534,2861.478090286255,2863.893417999975,0.0,55.26308571428571,0.0,0,0.0,0.0,0.0,0.0,0.0,0.0,0.0,Direct,43.84828283003534,2919.1565037142605,1.0,0.0
medium,sync_k8,gsm8k,3,135,2633.8682174682617,51.255411756995684,1049.039602279663,1076.9541655711719,610.2452278137207,941.63,118.74024503359837,17,0.8676470588235294,6.9411764705882355,7.9411764705882355,0.0,0.0,0.0,0.0,Sync K=8,43.84828283003534,2919.1565037142605,1.1689263170389557,285.28828624599873
medium,tree_k8_b3,gsm8k,3,135,2423.1832730000633,55.71184049684403,1036.571741104126,1068.0100965714046,1769.2738330010798,941.63,118.2141233277297,17,0.8676470588235294,6.9411764705882355,7.9411764705882355,3.2941176470588234,0.47058823529411764,3.764705882352941,0.0,Tree K=8 B=3,43.84828283003534,2919.1565037142605,1.2705592306269826,495.97323071419714
medium,direct,gsm8k,4,128,2888.839159857186,44.308455028810904,2830.7502269744873,2833.5932170000433,0.0,55.24594285714286,0.0,0,0.0,0.0,0.0,0.0,0.0,0.0,0.0,Direct,44.308455028810904,2888.839159857186,1.0,0.0
medium,sync_k8,gsm8k,4,129,2485.762357711792,51.89554810007977,887.7918720245361,916.8633484283837,622.3788261413574,941.02,109.2872557899049,17,0.8235294117647058,6.588235294117647,7.588235294117647,0.0,0.0,0.0,0.0,Sync K=8,44.308455028810904,2888.839159857186,1.1712335279200206,403.07680214539414
medium,tree_k8_b3,gsm8k,4,129,2176.86461400001,59.2595419900557,896.4138031005859,929.3250641427421,1738.1766720011456,941.02,110.02029789074952,17,0.8235294117647058,6.588235294117647,7.588235294117647,5.176470588235294,0.7647058823529411,6.117647058823529,0.061421647060074865,Tree K=8 B=3,44.308455028810904,2888.839159857186,1.3374319179380794,711.974545857176
medium,direct,gsm8k,5,128,2837.663778428564,45.10752858496985,2779.5779705047607,2782.4304069999926,0.0,55.23337142857143,0.0,0,0.0,0.0,0.0,0.0,0.0,0.0,0.0,Direct,45.10752858496985,2837.663778428564,1.0,0.0
medium,sync_k8,gsm8k,5,133,3698.7693309783936,35.957906021898104,1344.6338176727295,1396.4813401426672,910.4971885681152,1383.75,111.20925360570665,25,0.54,4.32,5.32,0.0,0.0,0.0,0.0,Sync K=8,45.10752858496985,2837.663778428564,0.797159745831864,-861.1055525498296
medium,tree_k8_b3,gsm8k,5,133,3416.553821999969,38.928114974680824,1342.3540592193604,1395.2683225713681,2684.898252000835,1383.75,111.16073290285472,25,0.54,4.32,5.32,2.72,0.4,3.2,0.016037280001910403,Tree K=8 B=3,45.10752858496985,2837.663778428564,0.8630070455168308,-578.8900435714049
medium,direct,gsm8k,6,128,3176.026820714278,40.30192666043457,3117.6373958587646,3120.7633349999924,0.0,55.263485714285714,0.0,0,0.0,0.0,0.0,0.0,0.0,0.0,0.0,Direct,40.30192666043457,3176.026820714278,1.0,0.0
medium,sync_k8,gsm8k,6,128,2991.910219192505,42.782032421596625,1101.5572547912598,1142.6097560001595,735.5003356933594,1107.15,112.48798780000797,20,0.675,5.4,6.4,0.0,0.0,0.0,0.0,Sync K=8,40.30192666043457,3176.026820714278,1.0615381438723335,184.1166015217732
medium,tree_k8_b3,gsm8k,6,128,2769.056020999983,46.22513919157751,1099.8210906982422,1137.9121174285551,2128.396691999683,1107.15,112.25310587142776,20,0.675,5.4,6.4,2.8,0.4,3.2,0.0,Tree K=8 B=3,40.30192666043457,3176.026820714278,1.1469709520601632,406.970799714295
medium,direct,gsm8k,7,128,2938.255202857159,43.563268389870565,2880.4771900177,2882.991660000016,0.0,55.26354285714285,0.0,0,0.0,0.0,0.0,0.0,0.0,0.0,0.0,Direct,43.563268389870565,2938.255202857159,1.0,0.0
medium,sync_k8,gsm8k,7,130,2397.8846073150635,54.21445202301138,879.5876502990723,908.8820657139646,598.6349582672119,885.58,112.1538791071228,16,0.890625,7.125,8.125,0.0,0.0,0.0,0.0,Sync K=8,43.563268389870565,2938.255202857159,1.2444991853645548,540.3705955420955
medium,tree_k8_b3,gsm8k,7,135,2118.758521000018,63.71655790971512,890.3861045837402,923.6472572856159,1547.7119789993594,885.59,113.07732858035101,16,0.9296875,7.4375,8.4375,5.125,0.75,6.0,0.0,Tree K=8 B=3,43.563268389870565,2938.255202857159,1.462621154581015,819.4966818571411
medium,direct,gsm8k,8,128,2976.0991771428535,43.00931937452566,2917.3851013183594,2920.8695199999966,0.0,55.22965714285714,0.0,0,0.0,0.0,0.0,0.0,0.0,0.0,0.0,Direct,43.00931937452566,2976.0991771428535,1.0,0.0
medium,sync_k8,gsm8k,8,132,2537.4720096588135,52.02027825234952,951.871395111084,983.0894145714104,607.9721450805664,941.13,113.18937732773001,17,0.8455882352941176,6.764705882352941,7.764705882352941,0.0,0.0,0.0,0.0,Sync K=8,43.00931937452566,2976.0991771428535,1.209511775793435,438.62716748404
medium,tree_k8_b3,gsm8k,8,132,2254.955538000104,58.537739558745095,964.3049240112305,1002.9942677141879,1798.9854029996195,941.13,114.36025104201104,17,0.8455882352941176,6.764705882352941,7.764705882352941,4.9411764705882355,0.7058823529411765,5.647058823529412,0.0,Tree K=8 B=3,43.00931937452566,2976.0991771428535,1.361047801035812,721.1436391427496
medium,direct,gsm8k,9,128,3046.6001641427943,42.01404618384332,2988.074541091919,2991.3725069999373,0.0,55.22765714285714,0.0,0,0.0,0.0,0.0,0.0,0.0,0.0,0.0,Direct,42.01404618384332,3046.6001641427943,1.0,0.0
medium,sync_k8,gsm8k,9,136,2397.7558612823486,56.71970286719081,892.9362297058105,920.124027857183,586.6012573242188,885.68,112.86275174107392,16,0.9375,7.5,8.5,0.0,0.0,0.0,0.0,Sync K=8,42.01404618384332,3046.6001641427943,1.350017625510266,648.8443028604456
medium,tree_k8_b3,gsm8k,9,136,2065.5095789999223,65.84331604303111,874.9580383300781,904.9168181429469,1588.4396320000178,885.68,111.91230113393419,16,0.9375,7.5,8.5,5.1875,0.75,6.0,0.04005537499551792,Tree K=8 B=3,42.01404618384332,3046.6001641427943,1.56717388644066,981.090585142872
medium,direct,gsm8k,10,128,3081.348877142934,41.540249125793004,3023.393392562866,3026.1016200000768,0.0,55.24725714285714,0.0,0,0.0,0.0,0.0,0.0,0.0,0.0,0.0,Direct,41.540249125793004,3081.348877142934,1.0,0.0
medium,sync_k8,gsm8k,10,128,2518.867015838623,50.81649773296353,930.5353164672852,961.6461655713385,611.1490726470947,940.94,111.91683326890227,17,0.8161764705882353,6.529411764705882,7.529411764705882,0.0,0.0,0.0,0.0,Sync K=8,41.540249125793004,3081.348877142934,1.2233074861703408,562.4818613043108
medium,tree_k8_b3,gsm8k,10,128,2238.7957629999846,57.173593998802325,922.539234161377,949.3120245711145,1732.4467449989243,940.94,111.19129556300675,17,0.8161764705882353,6.529411764705882,7.529411764705882,4.117647058823529,0.5882352941176471,4.705882352941177,0.016671058821938298,Tree K=8 B=3,41.540249125793004,3081.348877142934,1.3763421068002775,842.5531141429492
medium,direct,humaneval,1,128,3084.7133378571775,41.49494166252618,3026.7481803894043,3029.4109950000347,0.0,55.30234285714286,0.0,0,0.0,0.0,0.0,0.0,0.0,0.0,0.0,Direct,41.49494166252618,3084.7133378571775,1.0,0.0
medium,sync_k8,humaneval,1,130,3495.0010776519775,37.19598280849086,1533.9596271514893,1569.579527142785,754.8580169677734,1164.71,130.20426319727548,21,0.6488095238095238,5.190476190476191,6.190476190476191,0.0,0.0,0.0,0.0,Sync K=8,41.49494166252618,3084.7133378571775,0.8963980022192034,-410.2877397948
medium,tree_k8_b3,humaneval,1,130,3239.9120179999272,40.124546369704206,1545.513391494751,1588.909478000015,2156.611267000244,1164.71,131.12473704761976,21,0.6488095238095238,5.190476190476191,6.190476190476191,3.6666666666666665,0.5238095238095238,4.190476190476191,0.0,Tree K=8 B=3,41.49494166252618,3084.7133378571775,0.96697440126637,-155.1986801427497
medium,direct,humaneval,2,128,3085.076406999934,41.49005830441422,3026.4101028442383,3029.8328069999343,0.0,55.2436,0.0,0,0.0,0.0,0.0,0.0,0.0,0.0,0.0,Direct,41.49005830441422,3085.076406999934,1.0,0.0
medium,sync_k8,humaneval,2,133,4191.729784011841,31.72914449478366,1774.1670608520508,1808.1895520000633,935.6732368469238,1440.95,124.96690584615627,26,0.5144230769230769,4.115384615384615,5.115384615384615,0.0,0.0,0.0,0.0,Sync K=8,41.49005830441422,3085.076406999934,0.7647408991808509,-1106.6533770119067
medium,tree_k8_b3,humaneval,2,133,3957.583932000034,33.606362438606865,1789.5317077636719,1843.5888848571165,2739.864607999607,1440.95,126.32841864835058,26,0.5144230769230769,4.115384615384615,5.115384615384615,2.9615384615384617,0.4230769230769231,3.3846153846153846,0.0,Tree K=8 B=3,41.49005830441422,3085.076406999934,0.809985905347147,-872.5075250001
medium,direct,humaneval,3,128,2868.4487998571526,44.623421553271,2809.7755908966064,2813.09485700001,0.0,55.353942857142854,0.0,0,0.0,0.0,0.0,0.0,0.0,0.0,0.0,Direct,44.623421553271,2868.4487998571526,1.0,0.0
medium,sync_k8,humaneval,3,128,3836.338758468628,33.36514527489081,1749.7751712799072,1794.131327142737,813.8744831085205,1221.02,137.05233305194258,22,0.6022727272727273,4.818181818181818,5.818181818181818,0.0,0.0,0.0,0.0,Sync K=8,44.623421553271,2868.4487998571526,0.7477047728189069,-967.8899586114753
medium,tree_k8_b3,humaneval,3,128,3630.557576000001,35.25629254474602,1749.847173690796,1790.0061707142322,2440.8699359996717,1221.02,136.864825941556,22,0.6022727272727273,4.818181818181818,5.818181818181818,2.227272727272727,0.3181818181818182,2.5454545454545454,0.0,Tree K=8 B=3,44.623421553271,2868.4487998571526,0.7900849221671046,-762.1087761428485
medium,direct,humaneval,4,128,3007.8182577142284,42.555762693345955,2949.3794441223145,2952.5535719999425,0.0,55.26468571428572,0.0,0,0.0,0.0,0.0,0.0,0.0,0.0,0.0,Direct,42.555762693345955,3007.8182577142284,1.0,0.0
medium,sync_k8,humaneval,4,136,3723.338842391968,36.526355982317774,1554.4672012329102,1599.4275065714646,841.9954776763916,1274.33,124.94597854658544,23,0.6141304347826086,4.913043478260869,5.913043478260869,0.0,0.0,0.0,0.0,Sync K=8,42.555762693345955,3007.8182577142284,0.8583175032139433,-715.5205846777394
medium,tree_k8_b3,humaneval,4,136,3440.070179000031,39.53407719127778,1546.1053848266602,1590.0706644287702,2434.573739000598,1274.33,124.53915932299,23,0.6141304347826086,4.913043478260869,5.913043478260869,3.0434782608695654,0.43478260869565216,3.4782608695652173,0.0,Tree K=8 B=3,42.555762693345955,3007.8182577142284,0.9289946810766325,-432.25192128580284
medium,direct,humaneval,5,128,3048.8793459999974,41.9826386924529,2990.4375076293945,2993.5629459999973,0.0,55.3164,0.0,0,0.0,0.0,0.0,0.0,0.0,0.0,0.0,Direct,41.9826386924529,3048.8793459999974,1.0,0.0
medium,sync_k8,humaneval,5,136,4566.232204437256,29.783855465747322,2463.1147384643555,2507.781772000015,828.688383102417,1221.93,169.53235327272793,22,0.6477272727272727,5.181818181818182,6.181818181818182,0.0,0.0,0.0,0.0,Sync K=8,41.9826386924529,3048.8793459999974,0.7094326701075481,-1517.3528584372584
medium,tree_k8_b3,humaneval,5,136,4247.451572000045,32.019199676468624,2436.0034465789795,2480.404766857265,2328.146500999196,1221.93,168.28794394805755,22,0.6477272727272727,5.181818181818182,6.181818181818182,3.1818181818181817,0.45454545454545453,3.6363636363636362,0.0,Tree K=8 B=3,41.9826386924529,3048.8793459999974,0.7626771606955859,-1198.572226000048
medium,direct,humaneval,6,128,2933.3763768571434,43.63572332887634,2875.814914703369,2878.0004340000005,0.0,55.37594285714286,0.0,0,0.0,0.0,0.0,0.0,0.0,0.0,0.0,Direct,43.63572332887634,2933.3763768571434,1.0,0.0
medium,sync_k8,humaneval,6,136,3540.2891635894775,38.414941185795804,1675.851583480835,1713.25732057144,710.6704711914062,1110.09,141.16736602857205,20,0.725,5.8,6.8,0.0,0.0,0.0,0.0,Sync K=8,43.63572332887634,2933.3763768571434,0.8803553202560153,-606.9127867323341
medium,tree_k8_b3,humaneval,6,136,3234.18626900002,42.05076290860944,1659.5268249511719,1698.9442765716624,2089.2561650005064,1110.09,140.4517138285832,20,0.725,5.8,6.8,4.2,0.6,4.8,0.0,Tree K=8 B=3,43.63572332887634,2933.3763768571434,0.9636774573823087,-300.8098921428764
medium,direct,humaneval,7,76,1754.2103492857993,43.32433680541348,1696.1114406585693,1699.000235000085,0.0,55.21011428571428,0.0,0,0.0,0.0,0.0,0.0,0.0,0.0,0.0,Direct,43.32433680541348,1754.2103492857993,1.0,0.0
medium,sync_k8,humaneval,7,130,4732.290506362915,27.47084098603105,1869.3931102752686,1931.5817418571569,1074.192762374878,1717.12,117.70005618894054,31,0.4194915254237288,3.193548387096774,4.193548387096774,0.0,0.0,0.0,0.0,Sync K=8,43.32433680541348,1754.2103492857993,0.6340741258063182,-2978.0801570771155
medium,tree_k8_b3,humaneval,7,130,4389.404542000079,29.61677347259592,1833.0965042114258,1898.486041571398,3154.5003679998445,1661.69,118.67253471904661,30,0.4291845493562232,3.3333333333333335,4.333333333333333,1.8666666666666667,0.26666666666666666,2.1333333333333333,0.0,Tree K=8 B=3,43.32433680541348,1754.2103492857993,0.6836059281326433,-2635.19419271428
medium,direct,humaneval,8,128,3103.2080078570916,41.247637823798314,3044.9185371398926,3047.910864999949,0.0,55.29714285714286,0.0,0,0.0,0.0,0.0,0.0,0.0,0.0,0.0,Direct,41.247637823798314,3103.2080078570916,1.0,0.0
medium,sync_k8,humaneval,8,128,2824.688196182251,45.314736038122824,1141.9029235839844,1174.3613585716166,647.0532417297363,997.52,120.66007547620094,18,0.7638888888888888,6.111111111111111,7.111111111111111,0.0,0.0,0.0,0.0,Sync K=8,41.247637823798314,3103.2080078570916,1.098601966776821,278.51981167484064
medium,tree_k8_b3,humaneval,8,129,2501.211202000036,51.57501289649116,1148.5185623168945,1184.9784331428323,1697.8297840013283,997.52,121.24991295237957,18,0.7708333333333334,6.166666666666667,7.166666666666667,4.666666666666667,0.6666666666666666,5.333333333333333,0.0,Tree K=8 B=3,41.247637823798314,3103.2080078570916,1.25037494551347,601.9968058570557
medium,direct,humaneval,9,128,2925.9031522857154,43.74717594463316,2867.9466247558594,2870.526638000001,0.0,55.376514285714286,0.0,0,0.0,0.0,0.0,0.0,0.0,0.0,0.0,Direct,43.74717594463316,2925.9031522857154,1.0,0.0
medium,sync_k8,humaneval,9,132,3479.952096939087,37.931556620019336,1699.1686820983887,1732.444739428889,686.7690086364746,1054.77,146.69551260152045,19,0.743421052631579,5.947368421052632,6.947368421052632,0.0,0.0,0.0,0.0,Sync K=8,43.74717594463316,2925.9031522857154,0.8670629772313959,-554.0489446533716
medium,tree_k8_b3,humaneval,9,132,3188.9589950000072,41.39281822280054,1708.1010341644287,1746.9480697143085,1885.899446000053,1054.77,147.45884577443724,19,0.743421052631579,5.947368421052632,6.947368421052632,4.421052631578948,0.631578947368421,5.052631578947368,0.0,Tree K=8 B=3,43.74717594463316,2925.9031522857154,0.9461826353131384,-263.0558427142919
medium,direct,humaneval,10,128,2911.293930714349,43.96670451224155,2850.874662399292,2856.063645000063,0.0,55.23028571428571,0.0,0,0.0,0.0,0.0,0.0,0.0,0.0,0.0,Direct,43.96670451224155,2911.293930714349,1.0,0.0
medium,sync_k8,humaneval,10,131,3005.2337646484375,43.590618986448405,1163.1431579589844,1190.8259458572686,701.6549110412598,1107.51,114.91679729286348,20,0.69375,5.55,6.55,0.0,0.0,0.0,0.0,Sync K=8,43.96670451224155,2911.293930714349,0.991446128838507,-93.93983393408871
medium,tree_k8_b3,humaneval,10,131,2749.761076000027,47.64050271253411,1167.922019958496,1202.4461769998,1974.6161440004926,1107.51,115.49780884999004,20,0.69375,5.55,6.55,4.15,0.6,4.8,0.0,Tree K=8 B=3,43.96670451224155,2911.293930714349,1.0835586437748517,161.53285471432173
