network,method,prompt_type,prompt_id,verify_input_len,verify_ms,rtt_ms
good,sync_k8,gsm8k,1,75.0,38.37132453918457,67.08933066664834
good,sync_k8,gsm8k,1,84.0,40.662527084350586,68.49919833339158
good,sync_k8,gsm8k,1,93.0,41.6257381439209,68.4607906666395
good,sync_k8,gsm8k,1,102.0,45.08686065673828,71.5684859999977
good,sync_k8,gsm8k,1,105.0,45.2880859375,71.81338866660843
good,sync_k8,gsm8k,1,114.0,49.79991912841797,76.88812333330439
good,sync_k8,gsm8k,1,123.0,51.427364349365234,78.3382433332958
good,sync_k8,gsm8k,1,132.0,56.52809143066406,83.18424399998815
good,sync_k8,gsm8k,1,136.0,55.74631690979004,82.32449133336657
good,sync_k8,gsm8k,1,140.0,55.68504333496094,81.92967033341671
good,sync_k8,gsm8k,1,141.0,55.99403381347656,82.20375166658948
good,sync_k8,gsm8k,1,146.0,60.340166091918945,86.6660143333294
good,sync_k8,gsm8k,1,149.0,64.20421600341797,91.91437266661855
good,sync_k8,gsm8k,1,152.0,63.5831356048584,90.78833366669821
good,sync_k8,gsm8k,1,155.0,64.22114372253418,91.56105533336907
good,sync_k8,gsm8k,1,160.0,64.92972373962402,91.48484799998346
good,sync_k8,gsm8k,1,169.0,67.87705421447754,94.81564133326516
good,sync_k8,gsm8k,1,178.0,71.58493995666504,98.05831233333808
good,sync_k8,gsm8k,1,187.0,72.62182235717773,99.62429766667678
good,sync_k8,gsm8k,1,196.0,77.79884338378906,105.5743356666756
good,tree_k8_b3,gsm8k,1,75.0,,66.90443866676908
good,tree_k8_b3,gsm8k,1,84.0,,69.26511599997235
good,tree_k8_b3,gsm8k,1,93.0,,69.39240199995689
good,tree_k8_b3,gsm8k,1,102.0,,72.5313673332686
good,tree_k8_b3,gsm8k,1,105.0,,73.43294966666122
good,tree_k8_b3,gsm8k,1,114.0,,78.01238533326647
good,tree_k8_b3,gsm8k,1,123.0,,79.88677066667083
good,tree_k8_b3,gsm8k,1,132.0,,82.83655900003663
good,tree_k8_b3,gsm8k,1,136.0,,84.25995566665814
good,tree_k8_b3,gsm8k,1,140.0,,84.59130099990603
good,tree_k8_b3,gsm8k,1,141.0,,85.31588133337306
good,tree_k8_b3,gsm8k,1,146.0,,88.1989376666497
good,tree_k8_b3,gsm8k,1,149.0,,87.85455733330656
good,tree_k8_b3,gsm8k,1,152.0,,89.1959136665878
good,tree_k8_b3,gsm8k,1,155.0,,88.3361683333815
good,tree_k8_b3,gsm8k,1,160.0,,89.12579133332395
good,tree_k8_b3,gsm8k,1,169.0,,94.64788833335093
good,tree_k8_b3,gsm8k,1,178.0,,99.15988633335562
good,tree_k8_b3,gsm8k,1,187.0,,100.25972566668638
good,tree_k8_b3,gsm8k,1,196.0,,104.70746666656969
good,sync_k8,gsm8k,2,101.0,47.56331443786621,75.2475713332317
good,sync_k8,gsm8k,2,104.0,47.63078689575195,75.67068400003558
good,sync_k8,gsm8k,2,109.0,46.87786102294922,74.55842466665607
good,sync_k8,gsm8k,2,118.0,52.52242088317871,80.18089033340402
good,sync_k8,gsm8k,2,127.0,53.337812423706055,80.79654499997321
good,sync_k8,gsm8k,2,134.0,57.25455284118652,84.43480166674442
good,sync_k8,gsm8k,2,135.0,57.67178535461426,85.32843100006491
good,sync_k8,gsm8k,2,138.0,57.67464637756348,85.48462766676826
good,sync_k8,gsm8k,2,139.0,56.34164810180664,83.84283166669147
good,sync_k8,gsm8k,2,148.0,61.12337112426758,88.64356733329656
good,sync_k8,gsm8k,2,157.0,62.88933753967285,89.7210990000001
good,sync_k8,gsm8k,2,166.0,69.85926628112793,97.30329933336269
good,sync_k8,gsm8k,2,175.0,70.2369213104248,97.9672336666572
good,sync_k8,gsm8k,2,176.0,69.80299949645996,97.01210200000082
good,sync_k8,gsm8k,2,185.0,74.23996925354004,101.39930799994293
good,sync_k8,gsm8k,2,188.0,73.6699104309082,101.04263566660107
good,sync_k8,gsm8k,2,194.0,77.69417762756348,105.28298866664515
good,sync_k8,gsm8k,2,203.0,77.61836051940918,104.30283166658495
good,sync_k8,gsm8k,2,212.0,82.2596549987793,109.07386766667577
good,sync_k8,gsm8k,2,221.0,83.54735374450684,110.3627166666452
good,tree_k8_b3,gsm8k,2,101.0,,77.25292933325115
good,tree_k8_b3,gsm8k,2,104.0,,74.74055266671041
good,tree_k8_b3,gsm8k,2,109.0,,74.98836133338452
good,tree_k8_b3,gsm8k,2,118.0,,77.25519299996012
good,tree_k8_b3,gsm8k,2,127.0,,78.23160899997436
good,tree_k8_b3,gsm8k,2,134.0,,85.14119666669637
good,tree_k8_b3,gsm8k,2,135.0,,86.57221666656247
good,tree_k8_b3,gsm8k,2,138.0,,85.65896366675466
good,tree_k8_b3,gsm8k,2,139.0,,85.53140733326316
good,tree_k8_b3,gsm8k,2,148.0,,90.47420066665762
good,tree_k8_b3,gsm8k,2,157.0,,94.13550233336224
good,tree_k8_b3,gsm8k,2,166.0,,93.81012833341718
good,tree_k8_b3,gsm8k,2,175.0,,95.57872466670051
good,tree_k8_b3,gsm8k,2,176.0,,96.2995429999794
good,tree_k8_b3,gsm8k,2,185.0,,99.83866666666691
good,tree_k8_b3,gsm8k,2,188.0,,102.11195233338188
good,tree_k8_b3,gsm8k,2,194.0,,104.8613556666716
good,tree_k8_b3,gsm8k,2,203.0,,107.15618066671863
good,tree_k8_b3,gsm8k,2,212.0,,110.6087423333164
good,tree_k8_b3,gsm8k,2,221.0,,110.84572133331652
good,sync_k8,gsm8k,3,85.0,41.11456871032715,68.07116033340367
good,sync_k8,gsm8k,3,93.0,40.97294807434082,67.6754183333894
good,sync_k8,gsm8k,3,102.0,45.023202896118164,71.92052099996819
good,sync_k8,gsm8k,3,111.0,48.59471321105957,75.81052100002044
good,sync_k8,gsm8k,3,120.0,50.469398498535156,77.30329599998254
good,sync_k8,gsm8k,3,128.0,51.46431922912598,78.45678900000485
good,sync_k8,gsm8k,3,137.0,55.78947067260742,82.21695633331413
good,sync_k8,gsm8k,3,146.0,61.46550178527832,88.4599179999826
good,sync_k8,gsm8k,3,155.0,62.97659873962402,90.30498433330945
good,sync_k8,gsm8k,3,158.0,63.858747482299805,90.9228749999911
good,sync_k8,gsm8k,3,163.0,67.66152381896973,94.93453699995783
good,sync_k8,gsm8k,3,171.0,67.74544715881348,94.79570333332342
good,sync_k8,gsm8k,3,175.0,68.25757026672363,95.09908733335617
good,sync_k8,gsm8k,3,184.0,72.72696495056152,99.73933633338407
good,sync_k8,gsm8k,3,193.0,77.72207260131836,104.69738733336507
good,sync_k8,gsm8k,3,202.0,79.76984977722168,106.68954599995028
good,sync_k8,gsm8k,3,211.0,83.00900459289551,109.61939333335098
good,tree_k8_b3,gsm8k,3,85.0,,71.20225433325845
good,tree_k8_b3,gsm8k,3,93.0,,69.43484033335311
good,tree_k8_b3,gsm8k,3,102.0,,71.97900999999366
good,tree_k8_b3,gsm8k,3,111.0,,74.05307900003582
good,tree_k8_b3,gsm8k,3,120.0,,79.64394233339641
good,tree_k8_b3,gsm8k,3,128.0,,79.60814199995957
good,tree_k8_b3,gsm8k,3,137.0,,83.60776133334232
good,tree_k8_b3,gsm8k,3,146.0,,89.1743670000254
good,tree_k8_b3,gsm8k,3,155.0,,88.33668033330764
good,tree_k8_b3,gsm8k,3,158.0,,92.429454333377
good,tree_k8_b3,gsm8k,3,163.0,,95.34501466669983
good,tree_k8_b3,gsm8k,3,171.0,,95.28841733339797
good,tree_k8_b3,gsm8k,3,175.0,,96.83043700009426
good,tree_k8_b3,gsm8k,3,184.0,,99.77209733332717
good,tree_k8_b3,gsm8k,3,193.0,,103.92054033336771
good,tree_k8_b3,gsm8k,3,202.0,,104.86233100001552
good,tree_k8_b3,gsm8k,3,211.0,,109.65774499997727
good,sync_k8,gsm8k,4,63.0,34.285783767700195,61.08713833331484
good,sync_k8,gsm8k,4,72.0,38.74063491821289,66.10999766665265
good,sync_k8,gsm8k,4,81.0,41.37253761291504,69.1802696666758
good,sync_k8,gsm8k,4,85.0,41.762590408325195,69.24331733330703
good,sync_k8,gsm8k,4,94.0,43.05601119995117,70.59924066667855
good,sync_k8,gsm8k,4,97.0,46.501874923706055,73.80262200006777
good,sync_k8,gsm8k,4,106.0,46.02837562561035,72.62490833331465
good,sync_k8,gsm8k,4,115.0,49.88503456115723,76.30102299993638
good,sync_k8,gsm8k,4,124.0,51.95903778076172,79.2914040000345
good,sync_k8,gsm8k,4,127.0,52.445411682128906,79.05403166667514
good,sync_k8,gsm8k,4,136.0,56.33282661437988,82.86185633334696
good,sync_k8,gsm8k,4,145.0,63.756704330444336,90.62535999999312
good,sync_k8,gsm8k,4,154.0,64.19563293457031,91.33132933331117
good,sync_k8,gsm8k,4,163.0,569.7541236877441,596.8977116666371
good,sync_k8,gsm8k,4,172.0,69.03672218322754,96.80121566670064
good,sync_k8,gsm8k,4,174.0,71.80356979370117,99.87542866658784
good,sync_k8,gsm8k,4,183.0,73.20666313171387,100.65025866666795
good,tree_k8_b3,gsm8k,4,63.0,,61.845462333317926
good,tree_k8_b3,gsm8k,4,72.0,,63.323046000008276
good,tree_k8_b3,gsm8k,4,81.0,,65.70845633333604
good,tree_k8_b3,gsm8k,4,85.0,,66.7100500000553
good,tree_k8_b3,gsm8k,4,94.0,,68.05394633324295
good,tree_k8_b3,gsm8k,4,97.0,,73.68827833332139
good,tree_k8_b3,gsm8k,4,106.0,,73.18396433335745
good,tree_k8_b3,gsm8k,4,115.0,,78.13304533338749
good,tree_k8_b3,gsm8k,4,124.0,,78.63463800001443
good,tree_k8_b3,gsm8k,4,127.0,,79.25446400002444
good,tree_k8_b3,gsm8k,4,136.0,,82.69076500006992
good,tree_k8_b3,gsm8k,4,145.0,,87.60387666661978
good,tree_k8_b3,gsm8k,4,154.0,,88.20677933337257
good,tree_k8_b3,gsm8k,4,163.0,,94.46594566666461
good,tree_k8_b3,gsm8k,4,172.0,,95.78699633338132
good,tree_k8_b3,gsm8k,4,174.0,,96.41261100000573
good,tree_k8_b3,gsm8k,4,183.0,,100.65501466662093
good,sync_k8,gsm8k,5,70.0,37.56380081176758,64.94937266666608
good,sync_k8,gsm8k,5,79.0,36.97943687438965,63.94090800010241
good,sync_k8,gsm8k,5,84.0,40.2069091796875,67.06997433340305
good,sync_k8,gsm8k,5,93.0,41.93735122680664,69.74113833337324
good,sync_k8,gsm8k,5,95.0,43.772220611572266,70.89979733335497
good,sync_k8,gsm8k,5,97.0,46.834707260131836,73.47883633339487
good,sync_k8,gsm8k,5,102.0,47.1804141998291,74.8699636666418
good,sync_k8,gsm8k,5,104.0,47.42622375488281,75.06639066666479
good,sync_k8,gsm8k,5,109.0,48.61783981323242,76.13683966669097
good,sync_k8,gsm8k,5,113.0,50.993919372558594,78.8159300000731
good,sync_k8,gsm8k,5,114.0,51.3768196105957,78.67809566668089
good,sync_k8,gsm8k,5,116.0,50.24552345275879,77.06982333331428
good,sync_k8,gsm8k,5,118.0,50.41050910949707,76.92525100006117
good,sync_k8,gsm8k,5,121.0,50.52757263183594,76.8392673333599
good,sync_k8,gsm8k,5,130.0,54.57663536071777,81.73568000009016
good,sync_k8,gsm8k,5,131.0,54.15034294128418,80.59363933330584
good,sync_k8,gsm8k,5,133.0,54.64673042297363,81.01614600010446
good,sync_k8,gsm8k,5,142.0,55.876970291137695,82.60760433329267
good,sync_k8,gsm8k,5,147.0,59.398651123046875,86.36497100000685
good,sync_k8,gsm8k,5,149.0,60.77766418457031,87.74510099995152
good,sync_k8,gsm8k,5,158.0,62.902212142944336,89.88203766669938
good,sync_k8,gsm8k,5,167.0,70.39666175842285,98.02560566656284
good,sync_k8,gsm8k,5,176.0,70.50323486328125,98.00563733329693
good,sync_k8,gsm8k,5,185.0,74.55325126647949,102.03029866665341
good,sync_k8,gsm8k,5,194.0,78.02462577819824,105.1250593332536
good,tree_k8_b3,gsm8k,5,70.0,,66.08991333328616
good,tree_k8_b3,gsm8k,5,79.0,,65.16502699996005
good,tree_k8_b3,gsm8k,5,84.0,,70.43289866659498
good,tree_k8_b3,gsm8k,5,93.0,,69.96149499994188
good,tree_k8_b3,gsm8k,5,95.0,,72.21731366674743
good,tree_k8_b3,gsm8k,5,97.0,,75.57215833334547
good,tree_k8_b3,gsm8k,5,102.0,,74.7731236666276
good,tree_k8_b3,gsm8k,5,104.0,,73.8229783333499
good,tree_k8_b3,gsm8k,5,109.0,,73.42854833329412
good,tree_k8_b3,gsm8k,5,113.0,,77.14502533329728
good,tree_k8_b3,gsm8k,5,114.0,,77.72973533343551
good,tree_k8_b3,gsm8k,5,116.0,,78.34744300000357
good,tree_k8_b3,gsm8k,5,118.0,,79.23742166672565
good,tree_k8_b3,gsm8k,5,121.0,,79.38570933328516
good,tree_k8_b3,gsm8k,5,130.0,,82.68291666666079
good,tree_k8_b3,gsm8k,5,131.0,,83.53175266675387
good,tree_k8_b3,gsm8k,5,133.0,,82.17410000005468
good,tree_k8_b3,gsm8k,5,142.0,,85.36575266671133
good,tree_k8_b3,gsm8k,5,147.0,,88.45363666670818
good,tree_k8_b3,gsm8k,5,149.0,,88.1997366667305
good,tree_k8_b3,gsm8k,5,158.0,,89.42279066664999
good,tree_k8_b3,gsm8k,5,167.0,,94.82778766668689
good,tree_k8_b3,gsm8k,5,176.0,,95.4783793333105
good,tree_k8_b3,gsm8k,5,185.0,,100.04556466669194
good,tree_k8_b3,gsm8k,5,194.0,,105.11891466663116
good,sync_k8,gsm8k,6,73.0,36.59224510192871,63.46628033333532
good,sync_k8,gsm8k,6,82.0,39.483070373535156,65.88192066670108
good,sync_k8,gsm8k,6,85.0,39.786577224731445,66.14205766663358
good,sync_k8,gsm8k,6,91.0,41.28575325012207,68.85045933337861
good,sync_k8,gsm8k,6,97.0,44.87466812133789,72.06656233333489
good,sync_k8,gsm8k,6,98.0,44.497013092041016,71.47983666670662
good,sync_k8,gsm8k,6,107.0,47.02043533325195,73.56788033342482
good,sync_k8,gsm8k,6,108.0,47.78909683227539,74.50608066666352
good,sync_k8,gsm8k,6,117.0,50.87423324584961,78.13976733341255
good,sync_k8,gsm8k,6,126.0,51.22518539428711,78.33713966670966
good,sync_k8,gsm8k,6,131.0,54.89802360534668,81.78745600010151
good,sync_k8,gsm8k,6,133.0,56.28490447998047,83.2686156666243
good,sync_k8,gsm8k,6,140.0,56.62178993225098,83.39171566673565
good,sync_k8,gsm8k,6,143.0,57.68465995788574,84.89211866670229
good,sync_k8,gsm8k,6,152.0,62.20841407775879,89.50290800000158
good,sync_k8,gsm8k,6,161.0,66.84541702270508,94.0529993333706
good,sync_k8,gsm8k,6,170.0,66.90168380737305,93.83697666667933
good,sync_k8,gsm8k,6,179.0,70.95146179199219,98.10223800004327
good,sync_k8,gsm8k,6,188.0,73.08006286621094,100.32860300003196
good,sync_k8,gsm8k,6,192.0,73.95267486572266,101.43146433333472
good,tree_k8_b3,gsm8k,6,73.0,,65.60525333333631
good,tree_k8_b3,gsm8k,6,82.0,,67.13424733341384
good,tree_k8_b3,gsm8k,6,85.0,,69.04727299999573
good,tree_k8_b3,gsm8k,6,91.0,,69.56973200003048
good,tree_k8_b3,gsm8k,6,97.0,,72.66747866669486
good,tree_k8_b3,gsm8k,6,98.0,,71.9449576666404
good,tree_k8_b3,gsm8k,6,107.0,,73.45195299997985
good,tree_k8_b3,gsm8k,6,108.0,,73.34872900002027
good,tree_k8_b3,gsm8k,6,117.0,,79.11612800007654
good,tree_k8_b3,gsm8k,6,126.0,,81.42571966664927
good,tree_k8_b3,gsm8k,6,131.0,,87.37905800008284
good,tree_k8_b3,gsm8k,6,133.0,,84.86720033332804
good,tree_k8_b3,gsm8k,6,140.0,,84.356968333319
good,tree_k8_b3,gsm8k,6,143.0,,84.02254633333939
good,tree_k8_b3,gsm8k,6,152.0,,87.64156466660779
good,tree_k8_b3,gsm8k,6,161.0,,92.5757856666443
good,tree_k8_b3,gsm8k,6,170.0,,96.19421733339942
good,tree_k8_b3,gsm8k,6,179.0,,98.25661200001936
good,tree_k8_b3,gsm8k,6,188.0,,99.95325200002955
good,tree_k8_b3,gsm8k,6,192.0,,106.39323066659287
good,sync_k8,gsm8k,7,66.0,35.912513732910156,62.88301533337807
good,sync_k8,gsm8k,7,74.0,35.36415100097656,61.60052400002544
good,sync_k8,gsm8k,7,83.0,44.23379898071289,70.38405099998347
good,sync_k8,gsm8k,7,91.0,40.90690612792969,67.60811899993439
good,sync_k8,gsm8k,7,99.0,44.94810104370117,71.65210933335155
good,sync_k8,gsm8k,7,108.0,49.248695373535156,76.32306766673472
good,sync_k8,gsm8k,7,111.0,48.20752143859863,75.42705333330207
good,sync_k8,gsm8k,7,120.0,50.64845085144043,77.9343693334143
good,sync_k8,gsm8k,7,129.0,54.16464805603027,80.8215956666247
good,sync_k8,gsm8k,7,138.0,55.454254150390625,81.9161763333118
good,sync_k8,gsm8k,7,147.0,59.80229377746582,86.10020866663973
good,sync_k8,gsm8k,7,156.0,60.73141098022461,87.10190366670733
good,sync_k8,gsm8k,7,165.0,67.89898872375488,94.55166866666809
good,sync_k8,gsm8k,7,174.0,69.54789161682129,97.53432299999587
good,sync_k8,gsm8k,7,183.0,74.07641410827637,103.54712233341753
good,sync_k8,gsm8k,7,187.0,72.54862785339355,100.01517266671543
good,tree_k8_b3,gsm8k,7,66.0,,64.18020900001949
good,tree_k8_b3,gsm8k,7,74.0,,65.08689399993048
good,tree_k8_b3,gsm8k,7,83.0,,68.03189266671367
good,tree_k8_b3,gsm8k,7,91.0,,67.36455600002171
good,tree_k8_b3,gsm8k,7,99.0,,72.10076800001613
good,tree_k8_b3,gsm8k,7,108.0,,72.99971566668253
good,tree_k8_b3,gsm8k,7,111.0,,74.39885299993085
good,tree_k8_b3,gsm8k,7,120.0,,79.40332500004708
good,tree_k8_b3,gsm8k,7,129.0,,82.13604166666231
good,tree_k8_b3,gsm8k,7,138.0,,83.0994386666592
good,tree_k8_b3,gsm8k,7,147.0,,87.9009220000263
good,tree_k8_b3,gsm8k,7,156.0,,88.63897766670536
good,tree_k8_b3,gsm8k,7,165.0,,93.33694066674548
good,tree_k8_b3,gsm8k,7,174.0,,95.42843433335331
good,tree_k8_b3,gsm8k,7,183.0,,100.19769400001833
good,tree_k8_b3,gsm8k,7,192.0,,102.48725766671029
good,sync_k8,gsm8k,8,73.0,39.642333984375,67.38637366660436
good,sync_k8,gsm8k,8,78.0,36.59510612487793,63.4960850000736
good,sync_k8,gsm8k,8,87.0,39.95800018310547,66.60198733338406
good,sync_k8,gsm8k,8,96.0,41.15629196166992,67.66040966666463
good,sync_k8,gsm8k,8,99.0,45.74894905090332,72.49903266671974
good,sync_k8,gsm8k,8,108.0,46.964406967163086,73.32932833342565
good,sync_k8,gsm8k,8,117.0,51.12147331237793,78.21152833334206
good,sync_k8,gsm8k,8,126.0,51.717519760131836,78.24062166669573
good,sync_k8,gsm8k,8,135.0,55.8316707611084,82.15308899994916
good,sync_k8,gsm8k,8,144.0,57.982444763183594,85.17370199997166
good,sync_k8,gsm8k,8,150.0,63.39001655578613,91.0964089999835
good,sync_k8,gsm8k,8,153.0,62.03579902648926,88.98730633344047
good,sync_k8,gsm8k,8,160.0,63.87042999267578,90.72110633331543
good,sync_k8,gsm8k,8,169.0,67.93093681335449,95.42538366662608
good,sync_k8,gsm8k,8,178.0,72.23749160766602,99.37853633341584
good,sync_k8,gsm8k,8,187.0,73.0428695678711,100.2966653333572
good,sync_k8,gsm8k,8,196.0,78.0632495880127,106.53476633336932
good,tree_k8_b3,gsm8k,8,73.0,,65.77404466660528
good,tree_k8_b3,gsm8k,8,78.0,,68.8848226666181
good,tree_k8_b3,gsm8k,8,87.0,,67.99073733331683
good,tree_k8_b3,gsm8k,8,96.0,,69.92098933334148
good,tree_k8_b3,gsm8k,8,99.0,,73.54535833334977
good,tree_k8_b3,gsm8k,8,108.0,,74.8648283333574
good,tree_k8_b3,gsm8k,8,117.0,,78.36486200002702
good,tree_k8_b3,gsm8k,8,126.0,,79.1353610000484
good,tree_k8_b3,gsm8k,8,135.0,,84.04926766666985
good,tree_k8_b3,gsm8k,8,144.0,,87.06588533338764
good,tree_k8_b3,gsm8k,8,150.0,,88.92517599997073
good,tree_k8_b3,gsm8k,8,153.0,,90.79216966659487
good,tree_k8_b3,gsm8k,8,160.0,,92.69737733341866
good,tree_k8_b3,gsm8k,8,169.0,,94.21481366661406
good,tree_k8_b3,gsm8k,8,178.0,,98.10922066667464
good,tree_k8_b3,gsm8k,8,187.0,,99.62627633336459
good,tree_k8_b3,gsm8k,8,196.0,,103.85568199998387
good,sync_k8,gsm8k,9,64.0,33.89334678649902,60.717282999972056
good,sync_k8,gsm8k,9,69.0,37.10031509399414,64.54930866669247
good,sync_k8,gsm8k,9,78.0,39.78586196899414,67.06858799995418
good,sync_k8,gsm8k,9,87.0,41.95880889892578,69.00861966662828
good,sync_k8,gsm8k,9,96.0,44.278621673583984,71.87802299996869
good,sync_k8,gsm8k,9,105.0,46.48900032043457,73.55278733330431
good,sync_k8,gsm8k,9,114.0,49.283504486083984,76.1186216666509
good,sync_k8,gsm8k,9,123.0,51.54252052307129,78.4397310000053
good,sync_k8,gsm8k,9,132.0,54.84342575073242,81.98233700001072
good,sync_k8,gsm8k,9,141.0,56.25629425048828,83.333349666665
good,sync_k8,gsm8k,9,150.0,60.54520606994629,87.31030433335181
good,sync_k8,gsm8k,9,159.0,62.29567527770996,89.35744133336145
good,sync_k8,gsm8k,9,168.0,67.54279136657715,94.37023933337554
good,sync_k8,gsm8k,9,177.0,71.1832046508789,97.73537333338115
good,sync_k8,gsm8k,9,186.0,72.05653190612793,98.94026999997298
good,sync_k8,gsm8k,9,191.0,73.35519790649414,99.93100466668811
good,tree_k8_b3,gsm8k,9,64.0,,59.5454710000334
good,tree_k8_b3,gsm8k,9,69.0,,62.26747666669826
good,tree_k8_b3,gsm8k,9,78.0,,63.71058533335811
good,tree_k8_b3,gsm8k,9,87.0,,66.68840566667708
good,tree_k8_b3,gsm8k,9,96.0,,68.25003433333782
good,tree_k8_b3,gsm8k,9,105.0,,74.50358133342286
good,tree_k8_b3,gsm8k,9,114.0,,79.78037533340739
good,tree_k8_b3,gsm8k,9,123.0,,81.5160966666577
good,tree_k8_b3,gsm8k,9,132.0,,85.47223166661985
good,tree_k8_b3,gsm8k,9,141.0,,85.5855166666028
good,tree_k8_b3,gsm8k,9,150.0,,88.77179899998897
good,tree_k8_b3,gsm8k,9,159.0,,89.47681466669842
good,tree_k8_b3,gsm8k,9,168.0,,94.9115733332523
good,tree_k8_b3,gsm8k,9,177.0,,100.18003466666991
good,tree_k8_b3,gsm8k,9,186.0,,101.22426466656805
good,tree_k8_b3,gsm8k,9,191.0,,103.3105703334163
good,sync_k8,gsm8k,10,70.0,38.27810287475586,65.19073033332978
good,sync_k8,gsm8k,10,79.0,36.806583404541016,63.269351333242
good,sync_k8,gsm8k,10,86.0,40.03334045410156,66.68039366667918
good,sync_k8,gsm8k,10,95.0,42.60993003845215,69.57795866672403
good,sync_k8,gsm8k,10,100.0,46.24056816101074,73.39225500006928
good,sync_k8,gsm8k,10,104.0,46.488046646118164,73.27648799991464
good,sync_k8,gsm8k,10,106.0,45.1357364654541,71.43513799999376
good,sync_k8,gsm8k,10,111.0,46.355247497558594,72.84380633331948
good,sync_k8,gsm8k,10,120.0,51.038265228271484,77.58105666669744
good,sync_k8,gsm8k,10,129.0,57.18088150024414,85.20667800004921
good,sync_k8,gsm8k,10,138.0,58.686256408691406,86.11187266663444
good,sync_k8,gsm8k,10,144.0,58.887481689453125,85.62310166664932
good,sync_k8,gsm8k,10,153.0,62.0732307434082,89.18805633335313
good,sync_k8,gsm8k,10,162.0,67.39950180053711,94.55737833338581
good,sync_k8,gsm8k,10,171.0,68.3436393737793,95.2846646666853
good,sync_k8,gsm8k,10,180.0,71.57754898071289,98.6834696667051
good,sync_k8,gsm8k,10,189.0,76.64990425109863,105.1129333333507
good,tree_k8_b3,gsm8k,10,70.0,,67.68746800005857
good,tree_k8_b3,gsm8k,10,79.0,,64.02339799996678
good,tree_k8_b3,gsm8k,10,86.0,,70.2040216667182
good,tree_k8_b3,gsm8k,10,95.0,,71.39021266667027
good,tree_k8_b3,gsm8k,10,100.0,,73.89178500002568
good,tree_k8_b3,gsm8k,10,104.0,,73.5029599999231
good,tree_k8_b3,gsm8k,10,106.0,,73.23100333333214
good,tree_k8_b3,gsm8k,10,111.0,,76.03537199999886
good,tree_k8_b3,gsm8k,10,120.0,,82.38904600003244
good,tree_k8_b3,gsm8k,10,129.0,,84.464135000048
good,tree_k8_b3,gsm8k,10,138.0,,84.25937300001414
good,tree_k8_b3,gsm8k,10,144.0,,85.32101733333289
good,tree_k8_b3,gsm8k,10,153.0,,89.55433433342318
good,tree_k8_b3,gsm8k,10,162.0,,92.92265833330212
good,tree_k8_b3,gsm8k,10,171.0,,95.30095566663701
good,tree_k8_b3,gsm8k,10,180.0,,99.77856833333828
good,tree_k8_b3,gsm8k,10,189.0,,100.88013133330386
good,sync_k8,humaneval,1,127.0,53.7264347076416,81.08749366657557
good,sync_k8,humaneval,1,129.0,54.364919662475586,81.05597666662695
good,sync_k8,humaneval,1,130.0,54.84127998352051,81.95493499995352
good,sync_k8,humaneval,1,139.0,56.366682052612305,83.98233800000034
good,sync_k8,humaneval,1,145.0,63.71712684631348,90.09029000000244
good,sync_k8,humaneval,1,154.0,64.06283378601074,90.92070800009432
good,sync_k8,humaneval,1,163.0,67.39449501037598,94.10521899996444
good,sync_k8,humaneval,1,165.0,66.82896614074707,94.20779099998686
good,sync_k8,humaneval,1,174.0,68.23873519897461,95.57334500006067
good,sync_k8,humaneval,1,183.0,73.5929012298584,100.0104210000033
good,sync_k8,humaneval,1,186.0,72.54838943481445,99.5155206666951
good,sync_k8,humaneval,1,187.0,73.26674461364746,100.50847966671546
good,sync_k8,humaneval,1,189.0,76.16710662841797,103.23347066662456
good,sync_k8,humaneval,1,192.0,74.26095008850098,101.45049233330037
good,sync_k8,humaneval,1,195.0,77.64530181884766,104.89712199992229
good,sync_k8,humaneval,1,204.0,78.88340950012207,105.45996799997735
good,sync_k8,humaneval,1,213.0,83.84990692138672,111.9701500000615
good,sync_k8,humaneval,1,222.0,85.87980270385742,113.08344433331996
good,sync_k8,humaneval,1,230.0,89.08343315124512,116.40183199997604
good,sync_k8,humaneval,1,239.0,89.97201919555664,117.10887633333917
good,sync_k8,humaneval,1,248.0,94.53105926513672,122.08804033334138
good,tree_k8_b3,humaneval,1,127.0,,81.4405269999615
good,tree_k8_b3,humaneval,1,129.0,,82.47087633330617
good,tree_k8_b3,humaneval,1,130.0,,83.35372266660703
good,tree_k8_b3,humaneval,1,139.0,,83.45302766669121
good,tree_k8_b3,humaneval,1,145.0,,87.79002299999281
good,tree_k8_b3,humaneval,1,154.0,,89.6214649999184
good,tree_k8_b3,humaneval,1,163.0,,94.72418999995885
good,tree_k8_b3,humaneval,1,165.0,,94.279202999998
good,tree_k8_b3,humaneval,1,174.0,,95.90499900003937
good,tree_k8_b3,humaneval,1,183.0,,98.93058966661272
good,tree_k8_b3,humaneval,1,186.0,,104.91122333336469
good,tree_k8_b3,humaneval,1,187.0,,103.36621300006402
good,tree_k8_b3,humaneval,1,189.0,,105.033082666638
good,tree_k8_b3,humaneval,1,192.0,,102.57861933331579
good,tree_k8_b3,humaneval,1,195.0,,106.64146600006663
good,tree_k8_b3,humaneval,1,204.0,,106.22972700001353
good,tree_k8_b3,humaneval,1,213.0,,111.34741633337882
good,tree_k8_b3,humaneval,1,222.0,,112.5189783333056
good,tree_k8_b3,humaneval,1,230.0,,118.21347299999356
good,tree_k8_b3,humaneval,1,239.0,,119.81065633339134
good,tree_k8_b3,humaneval,1,248.0,,122.13972866674698
good,sync_k8,humaneval,2,109.0,47.48678207397461,74.88517566665438
good,sync_k8,humaneval,2,118.0,51.41448974609375,78.43723533325628
good,sync_k8,humaneval,2,127.0,52.993059158325195,79.64803599998118
good,sync_k8,humaneval,2,129.0,56.76007270812988,83.7051549999884
good,sync_k8,humaneval,2,131.0,57.62529373168945,84.75752200002884
good,sync_k8,humaneval,2,140.0,58.042287826538086,85.55905699999599
good,sync_k8,humaneval,2,149.0,62.91627883911133,90.61853766661876
good,sync_k8,humaneval,2,158.0,65.93441963195801,93.66975900003894
good,sync_k8,humaneval,2,159.0,64.78667259216309,92.28724033329999
good,sync_k8,humaneval,2,160.0,66.8940544128418,94.71148400000412
good,sync_k8,humaneval,2,161.0,67.70181655883789,94.91458533339576
good,sync_k8,humaneval,2,164.0,68.93801689147949,96.799719999985
good,sync_k8,humaneval,2,168.0,68.75419616699219,95.97306699998128
good,sync_k8,humaneval,2,169.0,70.67084312438965,98.40118933338131
good,sync_k8,humaneval,2,174.0,69.75030899047852,97.51841366667752
good,sync_k8,humaneval,2,177.0,73.13680648803711,100.51227166658941
good,sync_k8,humaneval,2,186.0,77.04401016235352,104.78780966664262
good,sync_k8,humaneval,2,189.0,73.73642921447754,100.76917466668945
good,sync_k8,humaneval,2,190.0,75.23465156555176,102.60067866660614
good,sync_k8,humaneval,2,193.0,77.13079452514648,103.54263399995087
good,sync_k8,humaneval,2,194.0,78.07636260986328,104.3250209999355
good,sync_k8,humaneval,2,197.0,80.90949058532715,107.23588733334796
good,sync_k8,humaneval,2,206.0,80.39236068725586,107.48373466664883
good,sync_k8,humaneval,2,215.0,85.2653980255127,112.49175799996665
good,sync_k8,humaneval,2,224.0,86.3959789276123,113.57303633329522
good,sync_k8,humaneval,2,233.0,91.08638763427734,118.56810000005069
good,tree_k8_b3,humaneval,2,109.0,,74.96310533336735
good,tree_k8_b3,humaneval,2,118.0,,79.43093133339316
good,tree_k8_b3,humaneval,2,127.0,,81.09555933331245
good,tree_k8_b3,humaneval,2,129.0,,85.74346900004878
good,tree_k8_b3,humaneval,2,131.0,,83.20890400001358
good,tree_k8_b3,humaneval,2,140.0,,85.71983400001514
good,tree_k8_b3,humaneval,2,149.0,,89.483696666666
good,tree_k8_b3,humaneval,2,158.0,,90.51825999997021
good,tree_k8_b3,humaneval,2,159.0,,91.33516633330291
good,tree_k8_b3,humaneval,2,160.0,,92.05687300009241
good,tree_k8_b3,humaneval,2,161.0,,93.9078893334054
good,tree_k8_b3,humaneval,2,164.0,,94.88029199992027
good,tree_k8_b3,humaneval,2,168.0,,101.76275900010253
good,tree_k8_b3,humaneval,2,169.0,,97.02405533327278
good,tree_k8_b3,humaneval,2,174.0,,95.8363599999136
good,tree_k8_b3,humaneval,2,177.0,,102.0724113333203
good,tree_k8_b3,humaneval,2,186.0,,102.6988296667031
good,tree_k8_b3,humaneval,2,189.0,,102.07391400003016
good,tree_k8_b3,humaneval,2,190.0,,101.50720000000751
good,tree_k8_b3,humaneval,2,193.0,,105.23444200009688
good,tree_k8_b3,humaneval,2,194.0,,105.2938453333393
good,tree_k8_b3,humaneval,2,197.0,,106.14155133329692
good,tree_k8_b3,humaneval,2,206.0,,108.55138366664117
good,tree_k8_b3,humaneval,2,215.0,,110.55096000000249
good,tree_k8_b3,humaneval,2,224.0,,111.32315799994504
good,tree_k8_b3,humaneval,2,233.0,,117.71792700004724
good,sync_k8,humaneval,3,144.0,58.61377716064453,85.76623966667412
good,sync_k8,humaneval,3,146.0,62.24393844604492,89.34195800003394
good,sync_k8,humaneval,3,147.0,64.37921524047852,91.43178833334376
good,sync_k8,humaneval,3,152.0,62.43586540222168,88.89025533329654
good,sync_k8,humaneval,3,154.0,64.0707015991211,92.33630466668855
good,sync_k8,humaneval,3,155.0,63.66324424743652,90.61314433338481
good,sync_k8,humaneval,3,157.0,64.02945518493652,91.07352199995005
good,sync_k8,humaneval,3,165.0,67.09432601928711,93.6924959999407
good,sync_k8,humaneval,3,174.0,68.73798370361328,95.11998999999281
good,sync_k8,humaneval,3,183.0,76.60102844238281,103.6452300000206
good,sync_k8,humaneval,3,192.0,76.96175575256348,103.8848743333835
good,sync_k8,humaneval,3,201.0,80.88254928588867,108.41096166665429
good,sync_k8,humaneval,3,203.0,80.91068267822266,108.13729966664256
good,sync_k8,humaneval,3,209.0,85.93034744262695,113.7833776667085
good,sync_k8,humaneval,3,212.0,83.81295204162598,110.75535133335231
good,sync_k8,humaneval,3,216.0,84.04231071472168,110.73368166665063
good,sync_k8,humaneval,3,223.0,85.26110649108887,112.23784766655888
good,sync_k8,humaneval,3,231.0,89.93148803710938,117.22294500003792
good,sync_k8,humaneval,3,238.0,90.64579010009766,118.15268133324552
good,sync_k8,humaneval,3,247.0,94.59280967712402,121.48501000001676
good,sync_k8,humaneval,3,254.0,94.78998184204102,121.21617633331948
good,sync_k8,humaneval,3,263.0,153.05209159851074,179.52955866661796
good,tree_k8_b3,humaneval,3,144.0,,84.2421020000136
good,tree_k8_b3,humaneval,3,146.0,,88.29266566659678
good,tree_k8_b3,humaneval,3,147.0,,89.67516899998888
good,tree_k8_b3,humaneval,3,152.0,,92.2860643333362
good,tree_k8_b3,humaneval,3,154.0,,90.65401833326321
good,tree_k8_b3,humaneval,3,155.0,,90.18193233341805
good,tree_k8_b3,humaneval,3,157.0,,90.8712176666164
good,tree_k8_b3,humaneval,3,165.0,,98.3665843332492
good,tree_k8_b3,humaneval,3,174.0,,96.15914399994739
good,tree_k8_b3,humaneval,3,183.0,,100.35811300000711
good,tree_k8_b3,humaneval,3,192.0,,101.53986633324956
good,tree_k8_b3,humaneval,3,201.0,,105.96333166664826
good,tree_k8_b3,humaneval,3,203.0,,106.94948566665177
good,tree_k8_b3,humaneval,3,209.0,,111.06504966669402
good,tree_k8_b3,humaneval,3,212.0,,111.3125243332997
good,tree_k8_b3,humaneval,3,216.0,,112.45793799994614
good,tree_k8_b3,humaneval,3,223.0,,115.26039066660167
good,tree_k8_b3,humaneval,3,231.0,,118.98060399988773
good,tree_k8_b3,humaneval,3,238.0,,120.20418099993184
good,tree_k8_b3,humaneval,3,247.0,,123.39392599995068
good,tree_k8_b3,humaneval,3,254.0,,124.48560133330443
good,tree_k8_b3,humaneval,3,263.0,,187.13141599997908
good,sync_k8,humaneval,4,102.0,50.22549629211426,77.32827800002646
good,sync_k8,humaneval,4,104.0,46.369075775146484,73.37128266659408
good,sync_k8,humaneval,4,105.0,48.009634017944336,75.56184166668308
good,sync_k8,humaneval,4,109.0,47.54281044006348,74.48633499998546
good,sync_k8,humaneval,4,118.0,51.96046829223633,78.83596233333317
good,sync_k8,humaneval,4,127.0,52.91867256164551,80.21253633323391
good,sync_k8,humaneval,4,128.0,52.10375785827637,78.71660299999719
good,sync_k8,humaneval,4,137.0,58.586835861206055,85.99465099999296
good,sync_k8,humaneval,4,146.0,61.89537048339844,89.15938166670993
good,sync_k8,humaneval,4,155.0,62.61396408081055,89.3999983333272
good,sync_k8,humaneval,4,164.0,70.94478607177734,98.08801366664966
good,sync_k8,humaneval,4,170.0,69.5033073425293,96.29243300001394
good,sync_k8,humaneval,4,171.0,68.8331127166748,95.32964566672969
good,sync_k8,humaneval,4,180.0,71.8233585357666,98.66711733338524
good,sync_k8,humaneval,4,184.0,71.95687294006348,98.82990166669234
good,sync_k8,humaneval,4,193.0,76.34139060974121,102.75682733335731
good,sync_k8,humaneval,4,194.0,77.29959487915039,103.59337199997555
good,sync_k8,humaneval,4,195.0,77.14319229125977,104.36598033340877
good,sync_k8,humaneval,4,204.0,80.33299446105957,107.29811766657973
good,sync_k8,humaneval,4,212.0,82.22436904907227,108.9769226666594
good,sync_k8,humaneval,4,221.0,84.08522605895996,110.89053433336207
good,sync_k8,humaneval,4,226.0,90.51084518432617,117.87296733332045
good,sync_k8,humaneval,4,229.0,88.88649940490723,115.8285479999469
good,tree_k8_b3,humaneval,4,102.0,,75.2093996665729
good,tree_k8_b3,humaneval,4,104.0,,73.05605166664907
good,tree_k8_b3,humaneval,4,105.0,,75.3039560000042
good,tree_k8_b3,humaneval,4,109.0,,76.79122733327611
good,tree_k8_b3,humaneval,4,118.0,,78.21715533330969
good,tree_k8_b3,humaneval,4,127.0,,79.04043633338512
good,tree_k8_b3,humaneval,4,128.0,,78.81842300005162
good,tree_k8_b3,humaneval,4,137.0,,83.51533533335086
good,tree_k8_b3,humaneval,4,146.0,,87.44452200002407
good,tree_k8_b3,humaneval,4,155.0,,90.04413433333255
good,tree_k8_b3,humaneval,4,164.0,,95.59560566656955
good,tree_k8_b3,humaneval,4,170.0,,95.28600700001039
good,tree_k8_b3,humaneval,4,171.0,,95.60526133326262
good,tree_k8_b3,humaneval,4,180.0,,100.90525200004883
good,tree_k8_b3,humaneval,4,184.0,,102.0098083333888
good,tree_k8_b3,humaneval,4,193.0,,105.82508833331036
good,tree_k8_b3,humaneval,4,194.0,,104.59189400000724
good,tree_k8_b3,humaneval,4,195.0,,106.19098166675857
good,tree_k8_b3,humaneval,4,204.0,,108.94079466664321
good,tree_k8_b3,humaneval,4,212.0,,110.97935066662826
good,tree_k8_b3,humaneval,4,221.0,,112.78558333328905
good,tree_k8_b3,humaneval,4,226.0,,117.94435533335803
good,tree_k8_b3,humaneval,4,229.0,,116.29210199996776
good,sync_k8,humaneval,5,168.0,68.23897361755371,95.38147599994528
good,sync_k8,humaneval,5,170.0,67.6426887512207,94.45624699995388
good,sync_k8,humaneval,5,178.0,71.52891159057617,98.64612966672689
good,sync_k8,humaneval,5,179.0,71.29383087158203,98.40490133332514
good,sync_k8,humaneval,5,180.0,71.68197631835938,98.77748333335086
good,sync_k8,humaneval,5,189.0,73.61674308776855,100.5661603333221
good,sync_k8,humaneval,5,198.0,81.35223388671875,108.65806366669523
good,sync_k8,humaneval,5,204.0,79.43248748779297,106.59727099992476
good,sync_k8,humaneval,5,213.0,82.48066902160645,109.22827499999634
good,sync_k8,humaneval,5,222.0,85.6633186340332,114.344639666605
good,sync_k8,humaneval,5,231.0,91.02439880371094,118.81586000003604
good,sync_k8,humaneval,5,240.0,90.76142311096191,118.03252333341462
good,sync_k8,humaneval,5,249.0,95.94368934631348,123.03446866672917
good,sync_k8,humaneval,5,258.0,156.54683113098145,183.6019566666614
good,sync_k8,humaneval,5,267.0,155.41720390319824,183.06954299994825
good,sync_k8,humaneval,5,274.0,155.03883361816406,182.0259733333015
good,sync_k8,humaneval,5,276.0,154.58202362060547,181.41021866662467
good,sync_k8,humaneval,5,284.0,156.18610382080078,183.03617000005775
good,sync_k8,humaneval,5,285.0,155.1513671875,182.06391433332269
good,sync_k8,humaneval,5,286.0,154.71267700195312,182.06480333338345
good,sync_k8,humaneval,5,291.0,156.41546249389648,183.63332466658548
good,sync_k8,humaneval,5,295.0,156.88204765319824,184.21818099997716
good,tree_k8_b3,humaneval,5,168.0,,95.31023400006899
good,tree_k8_b3,humaneval,5,170.0,,94.45268166671792
good,tree_k8_b3,humaneval,5,178.0,,99.02238266673999
good,tree_k8_b3,humaneval,5,179.0,,100.08086366666777
good,tree_k8_b3,humaneval,5,180.0,,99.20420533339376
good,tree_k8_b3,humaneval,5,189.0,,101.22780133328723
good,tree_k8_b3,humaneval,5,198.0,,105.88266766663429
good,tree_k8_b3,humaneval,5,204.0,,105.99980033335349
good,tree_k8_b3,humaneval,5,213.0,,110.58053200000408
good,tree_k8_b3,humaneval,5,222.0,,112.54900433329043
good,tree_k8_b3,humaneval,5,231.0,,119.09475699996615
good,tree_k8_b3,humaneval,5,240.0,,118.26144433333084
good,tree_k8_b3,humaneval,5,249.0,,123.53420133336815
good,tree_k8_b3,humaneval,5,258.0,,184.43079833327346
good,tree_k8_b3,humaneval,5,267.0,,185.60556633331666
good,tree_k8_b3,humaneval,5,274.0,,186.63306466663374
good,tree_k8_b3,humaneval,5,276.0,,183.78050466671138
good,tree_k8_b3,humaneval,5,284.0,,184.62647033329498
good,tree_k8_b3,humaneval,5,285.0,,184.96082933334256
good,tree_k8_b3,humaneval,5,286.0,,183.01866933330143
good,tree_k8_b3,humaneval,5,291.0,,183.893364333336
good,tree_k8_b3,humaneval,5,295.0,,184.21560166665938
good,sync_k8,humaneval,6,141.0,58.228254318237305,85.58216366671411
good,sync_k8,humaneval,6,143.0,57.897090911865234,84.77048500004823
good,sync_k8,humaneval,6,144.0,57.08718299865723,83.785131999973
good,sync_k8,humaneval,6,153.0,60.990095138549805,87.33051333329607
good,sync_k8,humaneval,6,162.0,67.27433204650879,94.16088399993399
good,sync_k8,humaneval,6,171.0,68.31812858581543,95.58138066664137
good,sync_k8,humaneval,6,174.0,68.91989707946777,96.27451400001169
good,sync_k8,humaneval,6,177.0,71.06947898864746,97.93890133337892
good,sync_k8,humaneval,6,186.0,74.73134994506836,102.51521433325894
good,sync_k8,humaneval,6,187.0,73.39668273925781,100.70667666663584
good,sync_k8,humaneval,6,194.0,78.23872566223145,105.78163633328973
good,sync_k8,humaneval,6,203.0,80.4131031036377,108.21558599999356
good,sync_k8,humaneval,6,212.0,83.66179466247559,111.25424366668754
good,sync_k8,humaneval,6,221.0,86.02666854858398,113.06882433337833
good,sync_k8,humaneval,6,230.0,89.41292762756348,116.27077833329545
good,sync_k8,humaneval,6,237.0,90.31796455383301,117.06629333330433
good,sync_k8,humaneval,6,246.0,94.03395652770996,120.65511033337336
good,sync_k8,humaneval,6,255.0,96.04692459106445,123.594970999992
good,sync_k8,humaneval,6,259.0,156.6922664642334,184.79002199992297
good,sync_k8,humaneval,6,268.0,156.0690402984619,183.96887600001952
good,tree_k8_b3,humaneval,6,141.0,,85.37833533328512
good,tree_k8_b3,humaneval,6,143.0,,86.29459933330403
good,tree_k8_b3,humaneval,6,144.0,,87.18958433338932
good,tree_k8_b3,humaneval,6,153.0,,92.04378866668853
good,tree_k8_b3,humaneval,6,162.0,,94.67119533332547
good,tree_k8_b3,humaneval,6,171.0,,96.47491500000447
good,tree_k8_b3,humaneval,6,174.0,,95.90202266658375
good,tree_k8_b3,humaneval,6,177.0,,101.09153233329972
good,tree_k8_b3,humaneval,6,186.0,,100.37157733335522
good,tree_k8_b3,humaneval,6,187.0,,100.18264566669504
good,tree_k8_b3,humaneval,6,194.0,,105.79537866667494
good,tree_k8_b3,humaneval,6,203.0,,107.49639366666709
good,tree_k8_b3,humaneval,6,212.0,,112.34162233333566
good,tree_k8_b3,humaneval,6,221.0,,113.56472266673902
good,tree_k8_b3,humaneval,6,230.0,,116.87636333331207
good,tree_k8_b3,humaneval,6,237.0,,118.91730433328952
good,tree_k8_b3,humaneval,6,246.0,,123.30303066663878
good,tree_k8_b3,humaneval,6,255.0,,123.39337399999178
good,tree_k8_b3,humaneval,6,259.0,,181.83734800006565
good,tree_k8_b3,humaneval,6,268.0,,181.5171896666268
good,sync_k8,humaneval,7,94.0,42.96422004699707,70.77201500003333
good,sync_k8,humaneval,7,96.0,42.174339294433594,69.59353200000373
good,sync_k8,humaneval,7,98.0,45.3801155090332,72.75863766673247
good,sync_k8,humaneval,7,100.0,47.467708587646484,74.4252013333143
good,sync_k8,humaneval,7,109.0,46.477317810058594,73.11740566665964
good,sync_k8,humaneval,7,110.0,46.463727951049805,73.3793473333122
good,sync_k8,humaneval,7,117.0,51.09214782714844,78.13896500010051
good,sync_k8,humaneval,7,120.0,51.77497863769531,78.59277699997686
good,sync_k8,humaneval,7,121.0,51.470041275024414,78.25012700009985
good,sync_k8,humaneval,7,122.0,56.61129951477051,84.31981066668294
good,sync_k8,humaneval,7,124.0,53.57241630554199,81.52623366665398
good,sync_k8,humaneval,7,125.0,53.94124984741211,81.2648866666438
good,sync_k8,humaneval,7,121.0,51.91659927368164,78.99681266665976
good,sync_k8,humaneval,7,129.0,56.258201599121094,83.79705233325438
good,sync_k8,humaneval,7,130.0,55.61256408691406,83.02187333340243
good,sync_k8,humaneval,7,131.0,54.88872528076172,81.90636766669266
good,sync_k8,humaneval,7,138.0,55.750370025634766,82.74153099994705
good,sync_k8,humaneval,7,147.0,60.86993217468262,88.1682626667142
good,sync_k8,humaneval,7,156.0,61.62834167480469,88.68010099999849
good,sync_k8,humaneval,7,158.0,63.27033042907715,91.01805099997523
good,sync_k8,humaneval,7,162.0,67.96765327453613,95.86628066674544
good,sync_k8,humaneval,7,171.0,68.45831871032715,96.04194100000066
good,sync_k8,humaneval,7,174.0,67.97146797180176,95.08247200005223
good,sync_k8,humaneval,7,183.0,72.07274436950684,98.90836166676328
good,sync_k8,humaneval,7,185.0,72.48878479003906,99.66585666671834
good,sync_k8,humaneval,7,187.0,71.93708419799805,98.4069520000493
good,sync_k8,humaneval,7,189.0,72.49093055725098,100.24593900005382
good,sync_k8,humaneval,7,198.0,79.30541038513184,106.28277566670036
good,sync_k8,humaneval,7,202.0,80.87873458862305,108.99706799997044
good,sync_k8,humaneval,7,206.0,81.43925666809082,110.24965900007422
good,sync_k8,humaneval,7,215.0,85.86764335632324,116.17542033343528
good,tree_k8_b3,humaneval,7,94.0,,69.00392699997077
good,tree_k8_b3,humaneval,7,96.0,,69.02303233332992
good,tree_k8_b3,humaneval,7,98.0,,71.39027033337096
good,tree_k8_b3,humaneval,7,100.0,,72.00044800003849
good,tree_k8_b3,humaneval,7,109.0,,73.4149573333591
good,tree_k8_b3,humaneval,7,110.0,,72.93768733333361
good,tree_k8_b3,humaneval,7,117.0,,78.40613566669853
good,tree_k8_b3,humaneval,7,120.0,,80.48420566668112
good,tree_k8_b3,humaneval,7,121.0,,80.21872900001974
good,tree_k8_b3,humaneval,7,122.0,,84.6438310000972
good,tree_k8_b3,humaneval,7,124.0,,83.12680133330508
good,tree_k8_b3,humaneval,7,125.0,,80.72040933327469
good,tree_k8_b3,humaneval,7,121.0,,80.50513166664115
good,tree_k8_b3,humaneval,7,129.0,,83.12899266672231
good,tree_k8_b3,humaneval,7,130.0,,82.11994666657807
good,tree_k8_b3,humaneval,7,131.0,,83.17778066673307
good,tree_k8_b3,humaneval,7,138.0,,85.47128599996553
good,tree_k8_b3,humaneval,7,147.0,,88.93117666672048
good,tree_k8_b3,humaneval,7,156.0,,90.08134133336921
good,tree_k8_b3,humaneval,7,158.0,,90.26409600003876
good,tree_k8_b3,humaneval,7,167.0,,96.52736933343465
good,tree_k8_b3,humaneval,7,174.0,,96.576218999979
good,tree_k8_b3,humaneval,7,183.0,,99.65221066659544
good,tree_k8_b3,humaneval,7,185.0,,99.7836733333435
good,tree_k8_b3,humaneval,7,187.0,,101.58707266664268
good,tree_k8_b3,humaneval,7,189.0,,103.39740500001679
good,tree_k8_b3,humaneval,7,198.0,,107.05952166674265
good,tree_k8_b3,humaneval,7,202.0,,111.024254000048
good,tree_k8_b3,humaneval,7,206.0,,109.4245230000711
good,tree_k8_b3,humaneval,7,215.0,,111.92591099998172
good,sync_k8,humaneval,8,95.0,42.357683181762695,69.57762866672599
good,sync_k8,humaneval,8,97.0,47.41859436035156,75.70516633338991
good,sync_k8,humaneval,8,106.0,49.12400245666504,77.00022066673314
good,sync_k8,humaneval,8,115.0,50.94099044799805,77.79117066661692
good,sync_k8,humaneval,8,124.0,51.848411560058594,78.34221299994033
good,sync_k8,humaneval,8,133.0,56.35547637939453,84.75732600004208
good,sync_k8,humaneval,8,142.0,58.484792709350586,85.91238533324984
good,sync_k8,humaneval,8,150.0,61.509132385253906,88.52901933329568
good,sync_k8,humaneval,8,152.0,61.78164482116699,88.76843933335033
good,sync_k8,humaneval,8,154.0,64.43572044372559,91.6999656666624
good,sync_k8,humaneval,8,155.0,63.573598861694336,91.69376166658745
good,sync_k8,humaneval,8,164.0,67.51275062561035,94.9092853333659
good,sync_k8,humaneval,8,173.0,69.77701187133789,97.0701989999129
good,sync_k8,humaneval,8,182.0,76.27058029174805,103.67672733343407
good,sync_k8,humaneval,8,191.0,74.94497299194336,102.66048066665527
good,sync_k8,humaneval,8,200.0,79.38909530639648,107.66854666660507
good,sync_k8,humaneval,8,209.0,83.95695686340332,111.18066833333945
good,sync_k8,humaneval,8,218.0,83.9996337890625,111.36644966666415
good,tree_k8_b3,humaneval,8,95.0,,70.6246936665784
good,tree_k8_b3,humaneval,8,97.0,,72.68352333326527
good,tree_k8_b3,humaneval,8,106.0,,75.65813166662879
good,tree_k8_b3,humaneval,8,115.0,,79.75079466666793
good,tree_k8_b3,humaneval,8,124.0,,80.37897500004283
good,tree_k8_b3,humaneval,8,133.0,,82.99092466656707
good,tree_k8_b3,humaneval,8,142.0,,84.30579533331228
good,tree_k8_b3,humaneval,8,150.0,,88.35764666665884
good,tree_k8_b3,humaneval,8,152.0,,88.89192600003963
good,tree_k8_b3,humaneval,8,154.0,,90.20604166667479
good,tree_k8_b3,humaneval,8,155.0,,92.99183999999875
good,tree_k8_b3,humaneval,8,164.0,,94.13899233340634
good,tree_k8_b3,humaneval,8,173.0,,97.36606100005655
good,tree_k8_b3,humaneval,8,182.0,,99.43674933333351
good,tree_k8_b3,humaneval,8,191.0,,102.66028166671342
good,tree_k8_b3,humaneval,8,200.0,,106.76759500008754
good,tree_k8_b3,humaneval,8,209.0,,112.47100033327901
good,tree_k8_b3,humaneval,8,218.0,,112.90418233334222
good,sync_k8,humaneval,9,154.0,64.2549991607666,91.79011433333869
good,sync_k8,humaneval,9,156.0,62.682390213012695,90.00777366668673
good,sync_k8,humaneval,9,157.0,64.49127197265625,91.65092833341677
good,sync_k8,humaneval,9,158.0,63.80820274353027,90.54286499991687
good,sync_k8,humaneval,9,164.0,66.43199920654297,92.8927413332646
good,sync_k8,humaneval,9,173.0,68.64738464355469,95.54823933333347
good,sync_k8,humaneval,9,180.0,73.70352745056152,100.9860066667263
good,sync_k8,humaneval,9,189.0,76.21574401855469,104.10054099999546
good,sync_k8,humaneval,9,192.0,75.38795471191406,103.06792366657562
good,sync_k8,humaneval,9,201.0,79.78439331054688,107.02037466666414
good,sync_k8,humaneval,9,210.0,83.1139087677002,110.23738399992702
good,sync_k8,humaneval,9,219.0,85.27112007141113,112.50248333329867
good,sync_k8,humaneval,9,228.0,89.71691131591797,116.65451400005665
good,sync_k8,humaneval,9,237.0,90.64865112304688,117.14031333329557
good,sync_k8,humaneval,9,246.0,94.88558769226074,122.47482466664127
good,sync_k8,humaneval,9,250.0,95.63970565795898,122.26013466664682
good,sync_k8,humaneval,9,259.0,154.00004386901855,180.41628566661683
good,sync_k8,humaneval,9,268.0,154.70290184020996,181.55914666664304
good,sync_k8,humaneval,9,277.0,156.76045417785645,184.00287166666556
good,tree_k8_b3,humaneval,9,154.0,,91.23888466667245
good,tree_k8_b3,humaneval,9,156.0,,90.02716033337687
good,tree_k8_b3,humaneval,9,157.0,,89.8162090000658
good,tree_k8_b3,humaneval,9,158.0,,88.64453699999214
good,tree_k8_b3,humaneval,9,164.0,,95.71164633340474
good,tree_k8_b3,humaneval,9,173.0,,100.2351196666038
good,tree_k8_b3,humaneval,9,180.0,,100.97437066665881
good,tree_k8_b3,humaneval,9,189.0,,103.8277329999048
good,tree_k8_b3,humaneval,9,192.0,,102.56367566660545
good,tree_k8_b3,humaneval,9,201.0,,108.35272266666951
good,tree_k8_b3,humaneval,9,210.0,,117.87372366671018
good,tree_k8_b3,humaneval,9,219.0,,113.06085166664829
good,tree_k8_b3,humaneval,9,228.0,,118.18078900000316
good,tree_k8_b3,humaneval,9,237.0,,121.46164633330271
good,tree_k8_b3,humaneval,9,246.0,,122.02591066663803
good,tree_k8_b3,humaneval,9,250.0,,123.85044666672258
good,tree_k8_b3,humaneval,9,259.0,,182.88848166671568
good,tree_k8_b3,humaneval,9,268.0,,182.960012666683
good,tree_k8_b3,humaneval,9,277.0,,184.1556656666388
good,sync_k8,humaneval,10,75.0,37.952423095703125,65.05213866664582
good,sync_k8,humaneval,10,84.0,42.0682430267334,68.94683900002923
good,sync_k8,humaneval,10,85.0,40.11392593383789,66.98513199999903
good,sync_k8,humaneval,10,92.0,41.82767868041992,68.42898633336574
good,sync_k8,humaneval,10,101.0,44.70634460449219,71.11674066661067
good,sync_k8,humaneval,10,110.0,45.86172103881836,72.3344116665929
good,sync_k8,humaneval,10,119.0,50.50230026245117,77.22753399993374
good,sync_k8,humaneval,10,123.0,51.26214027404785,77.58795533330662
good,sync_k8,humaneval,10,126.0,51.44381523132324,77.83664233331464
good,sync_k8,humaneval,10,135.0,56.505680084228516,83.47058366669373
good,sync_k8,humaneval,10,144.0,57.54995346069336,84.46631300002245
good,sync_k8,humaneval,10,153.0,61.7372989654541,88.5580416666014
good,sync_k8,humaneval,10,162.0,66.09153747558594,92.8117396667047
good,sync_k8,humaneval,10,171.0,67.64769554138184,94.19537300008774
good,sync_k8,humaneval,10,180.0,71.85077667236328,98.68771266672482
good,sync_k8,humaneval,10,189.0,72.47471809387207,99.35632600008327
good,sync_k8,humaneval,10,190.0,73.41504096984863,100.51933466670074
good,sync_k8,humaneval,10,191.0,73.1050968170166,99.67423866669245
good,sync_k8,humaneval,10,193.0,76.82991027832031,104.23545700005586
good,sync_k8,humaneval,10,197.0,77.1486759185791,103.59745033326496
good,tree_k8_b3,humaneval,10,75.0,,66.90236066667586
good,tree_k8_b3,humaneval,10,84.0,,68.35132566660116
good,tree_k8_b3,humaneval,10,85.0,,68.3740110000455
good,tree_k8_b3,humaneval,10,92.0,,72.97935366660658
good,tree_k8_b3,humaneval,10,101.0,,71.32333766671195
good,tree_k8_b3,humaneval,10,110.0,,74.14800766662651
good,tree_k8_b3,humaneval,10,119.0,,80.27802100004331
good,tree_k8_b3,humaneval,10,123.0,,80.72429533327572
good,tree_k8_b3,humaneval,10,126.0,,78.21414666666121
good,tree_k8_b3,humaneval,10,135.0,,85.5006786667029
good,tree_k8_b3,humaneval,10,144.0,,84.8345306667092
good,tree_k8_b3,humaneval,10,153.0,,89.52375166666091
good,tree_k8_b3,humaneval,10,162.0,,92.74344699998495
good,tree_k8_b3,humaneval,10,171.0,,95.12452200003186
good,tree_k8_b3,humaneval,10,180.0,,97.57382966670846
good,tree_k8_b3,humaneval,10,189.0,,99.1547483333027
good,tree_k8_b3,humaneval,10,190.0,,101.14426666675139
good,tree_k8_b3,humaneval,10,191.0,,100.42630599996201
good,tree_k8_b3,humaneval,10,193.0,,103.61348500007959
good,tree_k8_b3,humaneval,10,197.0,,105.67408999999921
medium,sync_k8,gsm8k,1,75.0,38.10763359069824,95.62490342858177
medium,sync_k8,gsm8k,1,84.0,40.31491279602051,97.16078042857484
medium,sync_k8,gsm8k,1,93.0,41.09811782836914,97.99443199991003
medium,sync_k8,gsm8k,1,102.0,45.04704475402832,101.5592059999674
medium,sync_k8,gsm8k,1,105.0,47.948360443115234,105.99087585714565
medium,sync_k8,gsm8k,1,114.0,50.97317695617676,107.93693957134629
medium,sync_k8,gsm8k,1,123.0,51.85532569885254,109.05916185704395
medium,sync_k8,gsm8k,1,132.0,57.76357650756836,115.60223299995357
medium,sync_k8,gsm8k,1,136.0,58.36009979248047,116.06174700003916
medium,sync_k8,gsm8k,1,140.0,57.73305892944336,115.44109699997222
medium,sync_k8,gsm8k,1,141.0,58.22110176086426,115.7361764285732
medium,sync_k8,gsm8k,1,146.0,60.942649841308594,117.88277757140706
medium,sync_k8,gsm8k,1,149.0,61.63191795349121,118.2996839999243
medium,sync_k8,gsm8k,1,152.0,61.99789047241211,118.9137274285604
medium,sync_k8,gsm8k,1,155.0,63.16518783569336,119.98069700000678
medium,sync_k8,gsm8k,1,160.0,62.935829162597656,119.53736857149224
medium,sync_k8,gsm8k,1,169.0,67.05188751220703,123.51027300004544
medium,sync_k8,gsm8k,1,178.0,72.21317291259766,129.0528088571591
medium,sync_k8,gsm8k,1,187.0,72.60751724243164,129.09652985717807
medium,sync_k8,gsm8k,1,196.0,77.35013961791992,133.91884342851534
medium,tree_k8_b3,gsm8k,1,75.0,,95.35950885707668
medium,tree_k8_b3,gsm8k,1,84.0,,96.6241610000928
medium,tree_k8_b3,gsm8k,1,93.0,,98.2695821429321
medium,tree_k8_b3,gsm8k,1,102.0,,101.36373757141496
medium,tree_k8_b3,gsm8k,1,105.0,,102.34559528569267
medium,tree_k8_b3,gsm8k,1,114.0,,107.11014557136942
medium,tree_k8_b3,gsm8k,1,123.0,,109.59545442860247
medium,tree_k8_b3,gsm8k,1,132.0,,113.20331499991369
medium,tree_k8_b3,gsm8k,1,136.0,,112.2372779999881
medium,tree_k8_b3,gsm8k,1,140.0,,113.30022099997365
medium,tree_k8_b3,gsm8k,1,141.0,,114.62601599998318
medium,tree_k8_b3,gsm8k,1,146.0,,117.14914557141485
medium,tree_k8_b3,gsm8k,1,149.0,,117.29099657143911
medium,tree_k8_b3,gsm8k,1,152.0,,118.69707285718007
medium,tree_k8_b3,gsm8k,1,155.0,,120.97512857144011
medium,tree_k8_b3,gsm8k,1,160.0,,121.01823442852864
medium,tree_k8_b3,gsm8k,1,169.0,,124.29665900000428
medium,tree_k8_b3,gsm8k,1,178.0,,128.8298768571167
medium,tree_k8_b3,gsm8k,1,187.0,,130.3531198572035
medium,tree_k8_b3,gsm8k,1,196.0,,134.79898242857524
medium,sync_k8,gsm8k,2,101.0,47.06859588623047,104.85096442864675
medium,sync_k8,gsm8k,2,104.0,46.44036293029785,104.18421242849527
medium,sync_k8,gsm8k,2,109.0,46.666622161865234,103.90596557143417
medium,sync_k8,gsm8k,2,118.0,52.260637283325195,110.07738342855374
medium,sync_k8,gsm8k,2,127.0,52.24013328552246,109.474565428543
medium,sync_k8,gsm8k,2,134.0,56.17070198059082,113.33913042857881
medium,sync_k8,gsm8k,2,135.0,56.54168128967285,113.57663400003517
medium,sync_k8,gsm8k,2,138.0,57.160377502441406,114.20452999999563
medium,sync_k8,gsm8k,2,139.0,57.38377571105957,114.58058442863273
medium,sync_k8,gsm8k,2,148.0,62.50452995300293,119.68640342859615
medium,sync_k8,gsm8k,2,157.0,63.74979019165039,120.9756638571152
medium,sync_k8,gsm8k,2,166.0,66.39504432678223,123.49669928580762
medium,sync_k8,gsm8k,2,175.0,69.02384757995605,125.81253242855747
medium,sync_k8,gsm8k,2,176.0,71.02751731872559,127.81465357139638
medium,sync_k8,gsm8k,2,185.0,73.5008716583252,130.8546492856666
medium,sync_k8,gsm8k,2,188.0,74.8445987701416,131.86961485716785
medium,sync_k8,gsm8k,2,194.0,78.70316505432129,135.7615230000376
medium,sync_k8,gsm8k,2,203.0,80.3990364074707,138.00025542855872
medium,sync_k8,gsm8k,2,212.0,84.59782600402832,142.53909757142262
medium,sync_k8,gsm8k,2,221.0,86.10248565673828,143.46494342848823
medium,tree_k8_b3,gsm8k,2,101.0,,103.9575904284901
medium,tree_k8_b3,gsm8k,2,104.0,,101.94089542864313
medium,tree_k8_b3,gsm8k,2,109.0,,102.05151100002794
medium,tree_k8_b3,gsm8k,2,118.0,,107.02193285718161
medium,tree_k8_b3,gsm8k,2,127.0,,108.03195842848484
medium,tree_k8_b3,gsm8k,2,134.0,,113.78268700008135
medium,tree_k8_b3,gsm8k,2,135.0,,113.15325699997416
medium,tree_k8_b3,gsm8k,2,138.0,,113.67572500006483
medium,tree_k8_b3,gsm8k,2,139.0,,114.3328492857012
medium,tree_k8_b3,gsm8k,2,148.0,,118.3814068572131
medium,tree_k8_b3,gsm8k,2,157.0,,119.09438785705237
medium,tree_k8_b3,gsm8k,2,166.0,,125.08397085720846
medium,tree_k8_b3,gsm8k,2,175.0,,126.11075885713538
medium,tree_k8_b3,gsm8k,2,176.0,,125.57910457136273
medium,tree_k8_b3,gsm8k,2,185.0,,129.74441242866112
medium,tree_k8_b3,gsm8k,2,188.0,,130.58974342856555
medium,tree_k8_b3,gsm8k,2,194.0,,136.91176042862182
medium,tree_k8_b3,gsm8k,2,203.0,,139.24384500007986
medium,tree_k8_b3,gsm8k,2,212.0,,141.90732157144518
medium,tree_k8_b3,gsm8k,2,221.0,,142.64080242853547
medium,sync_k8,gsm8k,3,85.0,44.429779052734375,101.71219914286806
medium,sync_k8,gsm8k,3,93.0,41.864633560180664,98.69029799994482
medium,sync_k8,gsm8k,3,102.0,47.27983474731445,104.70743199990874
medium,sync_k8,gsm8k,3,111.0,47.701358795166016,104.9435459999005
medium,sync_k8,gsm8k,3,120.0,51.99885368347168,108.94428800005747
medium,sync_k8,gsm8k,3,128.0,52.12903022766113,109.38613842854193
medium,sync_k8,gsm8k,3,137.0,56.73527717590332,113.80755799997428
medium,sync_k8,gsm8k,3,146.0,61.02108955383301,118.02760385710988
medium,sync_k8,gsm8k,3,155.0,62.01291084289551,118.64680299999878
medium,sync_k8,gsm8k,3,158.0,63.92621994018555,121.0149888571111
medium,sync_k8,gsm8k,3,163.0,67.14200973510742,124.41569342854683
medium,sync_k8,gsm8k,3,171.0,67.67606735229492,124.45748700008133
medium,sync_k8,gsm8k,3,175.0,68.49479675292969,125.16471557140795
medium,sync_k8,gsm8k,3,184.0,75.00815391540527,132.13382099999586
medium,sync_k8,gsm8k,3,193.0,77.85320281982422,134.46184100004882
medium,sync_k8,gsm8k,3,202.0,80.57069778442383,137.8629578570896
medium,sync_k8,gsm8k,3,211.0,83.19568634033203,140.2067944285864
medium,tree_k8_b3,gsm8k,3,85.0,,99.1676925714801
medium,tree_k8_b3,gsm8k,3,93.0,,99.51263699996875
medium,tree_k8_b3,gsm8k,3,102.0,,101.86421400006974
medium,tree_k8_b3,gsm8k,3,111.0,,103.47206499994729
medium,tree_k8_b3,gsm8k,3,120.0,,109.39152957147054
medium,tree_k8_b3,gsm8k,3,128.0,,109.93826685706019
medium,tree_k8_b3,gsm8k,3,137.0,,113.72436399996172
medium,tree_k8_b3,gsm8k,3,146.0,,118.0532424285732
medium,tree_k8_b3,gsm8k,3,155.0,,120.77198057149013
medium,tree_k8_b3,gsm8k,3,158.0,,119.40941600002017
medium,tree_k8_b3,gsm8k,3,163.0,,123.5368794285717
medium,tree_k8_b3,gsm8k,3,171.0,,125.5593374285593
medium,tree_k8_b3,gsm8k,3,175.0,,126.50747257138283
medium,tree_k8_b3,gsm8k,3,184.0,,129.83180399996223
medium,tree_k8_b3,gsm8k,3,193.0,,133.47328400002095
medium,tree_k8_b3,gsm8k,3,202.0,,135.5444382857233
medium,tree_k8_b3,gsm8k,3,211.0,,139.88147285714288
medium,sync_k8,gsm8k,4,63.0,32.91010856628418,89.93604500009562
medium,sync_k8,gsm8k,4,72.0,36.87858581542969,93.8501928570863
medium,sync_k8,gsm8k,4,81.0,40.30466079711914,96.97045499992942
medium,sync_k8,gsm8k,4,85.0,40.37976264953613,96.97093057138088
medium,sync_k8,gsm8k,4,94.0,41.49031639099121,98.69755699999945
medium,sync_k8,gsm8k,4,97.0,44.81172561645508,102.1059989999473
medium,sync_k8,gsm8k,4,106.0,45.56107521057129,102.48317457144734
medium,sync_k8,gsm8k,4,115.0,50.5375862121582,107.44039842852526
medium,sync_k8,gsm8k,4,124.0,51.529645919799805,108.38446257132047
medium,sync_k8,gsm8k,4,127.0,51.49340629577637,108.75550200004395
medium,sync_k8,gsm8k,4,136.0,55.75680732727051,112.83854842857053
medium,sync_k8,gsm8k,4,145.0,60.42170524597168,117.40566314286666
medium,sync_k8,gsm8k,4,154.0,61.91301345825195,119.20388600003896
medium,sync_k8,gsm8k,4,163.0,66.18499755859375,123.85139500007455
medium,sync_k8,gsm8k,4,172.0,67.32892990112305,124.56410400001435
medium,sync_k8,gsm8k,4,174.0,68.68362426757812,125.93438342852359
medium,sync_k8,gsm8k,4,183.0,71.60592079162598,128.490651428519
medium,tree_k8_b3,gsm8k,4,63.0,,89.893612571477
medium,tree_k8_b3,gsm8k,4,72.0,,93.31655185713906
medium,tree_k8_b3,gsm8k,4,81.0,,97.65597399998728
medium,tree_k8_b3,gsm8k,4,85.0,,98.90077657143362
medium,tree_k8_b3,gsm8k,4,94.0,,99.57225157145551
medium,tree_k8_b3,gsm8k,4,97.0,,103.70227600003699
medium,tree_k8_b3,gsm8k,4,106.0,,102.86376757137899
medium,tree_k8_b3,gsm8k,4,115.0,,106.88958314279286
medium,tree_k8_b3,gsm8k,4,124.0,,110.23380157136627
medium,tree_k8_b3,gsm8k,4,127.0,,109.38746299999761
medium,tree_k8_b3,gsm8k,4,136.0,,113.48539442856563
medium,tree_k8_b3,gsm8k,4,145.0,,117.68432157147396
medium,tree_k8_b3,gsm8k,4,154.0,,120.08557742859384
medium,tree_k8_b3,gsm8k,4,163.0,,124.38241599998975
medium,tree_k8_b3,gsm8k,4,172.0,,125.76590199991163
medium,tree_k8_b3,gsm8k,4,174.0,,126.25953342861784
medium,tree_k8_b3,gsm8k,4,183.0,,130.26586142852423
medium,sync_k8,gsm8k,5,70.0,36.2248420715332,93.7438399999692
medium,sync_k8,gsm8k,5,79.0,37.766218185424805,95.19498157143339
medium,sync_k8,gsm8k,5,84.0,41.08595848083496,98.56346457135737
medium,sync_k8,gsm8k,5,93.0,41.634321212768555,98.81551742861768
medium,sync_k8,gsm8k,5,95.0,43.0605411529541,99.9805949999387
medium,sync_k8,gsm8k,5,97.0,45.342206954956055,102.5156005714044
medium,sync_k8,gsm8k,5,102.0,45.104026794433594,101.94375957142475
medium,sync_k8,gsm8k,5,104.0,46.56171798706055,103.56380642855115
medium,sync_k8,gsm8k,5,109.0,46.46182060241699,103.86545942857522
medium,sync_k8,gsm8k,5,113.0,50.41074752807617,107.60129642852749
medium,sync_k8,gsm8k,5,114.0,51.98073387145996,110.02739457133492
medium,sync_k8,gsm8k,5,116.0,50.36592483520508,107.66566642858463
medium,sync_k8,gsm8k,5,118.0,51.32460594177246,108.8427770000286
medium,sync_k8,gsm8k,5,121.0,52.831172943115234,110.49575657136766
medium,sync_k8,gsm8k,5,130.0,55.85217475891113,113.32313300002515
medium,sync_k8,gsm8k,5,131.0,56.84041976928711,114.48198499998591
medium,sync_k8,gsm8k,5,133.0,55.898427963256836,112.75038257141918
medium,sync_k8,gsm8k,5,142.0,58.31503868103027,116.19032442853064
medium,sync_k8,gsm8k,5,147.0,61.56492233276367,118.95606400003884
medium,sync_k8,gsm8k,5,149.0,61.2642765045166,118.56702128574341
medium,sync_k8,gsm8k,5,158.0,64.06235694885254,121.5780814284731
medium,sync_k8,gsm8k,5,167.0,68.83740425109863,126.98116785721798
medium,sync_k8,gsm8k,5,176.0,70.01161575317383,127.6269345714328
medium,sync_k8,gsm8k,5,185.0,73.56381416320801,131.02821342860312
medium,sync_k8,gsm8k,5,194.0,78.26852798461914,135.92811700008164
medium,tree_k8_b3,gsm8k,5,70.0,,95.15869571434406
medium,tree_k8_b3,gsm8k,5,79.0,,94.81875599989922
medium,tree_k8_b3,gsm8k,5,84.0,,97.42390357141198
medium,tree_k8_b3,gsm8k,5,93.0,,98.0446598571449
medium,tree_k8_b3,gsm8k,5,95.0,,98.87799642849778
medium,tree_k8_b3,gsm8k,5,97.0,,102.97758314290384
medium,tree_k8_b3,gsm8k,5,102.0,,101.91595257138707
medium,tree_k8_b3,gsm8k,5,104.0,,101.56525799993992
medium,tree_k8_b3,gsm8k,5,109.0,,105.44308742863889
medium,tree_k8_b3,gsm8k,5,113.0,,110.87336542851804
medium,tree_k8_b3,gsm8k,5,114.0,,108.93430757149025
medium,tree_k8_b3,gsm8k,5,116.0,,109.25278042848815
medium,tree_k8_b3,gsm8k,5,118.0,,109.90769357149941
medium,tree_k8_b3,gsm8k,5,121.0,,110.2875030000465
medium,tree_k8_b3,gsm8k,5,130.0,,113.77786042859526
medium,tree_k8_b3,gsm8k,5,131.0,,111.85064657143414
medium,tree_k8_b3,gsm8k,5,133.0,,112.06769657141453
medium,tree_k8_b3,gsm8k,5,142.0,,114.26545099998634
medium,tree_k8_b3,gsm8k,5,147.0,,120.08532857153317
medium,tree_k8_b3,gsm8k,5,149.0,,119.43209242856605
medium,tree_k8_b3,gsm8k,5,158.0,,120.72469299994012
medium,tree_k8_b3,gsm8k,5,167.0,,127.05951085714536
medium,tree_k8_b3,gsm8k,5,176.0,,126.22339857143481
medium,tree_k8_b3,gsm8k,5,185.0,,131.2479228571611
medium,tree_k8_b3,gsm8k,5,194.0,,136.8021789999478
medium,sync_k8,gsm8k,6,73.0,38.23399543762207,96.45433300002688
medium,sync_k8,gsm8k,6,82.0,43.8840389251709,101.56208100000649
medium,sync_k8,gsm8k,6,85.0,41.30244255065918,98.4704450000285
medium,sync_k8,gsm8k,6,91.0,41.671037673950195,98.57247157139096
medium,sync_k8,gsm8k,6,97.0,45.832157135009766,103.26098342847459
medium,sync_k8,gsm8k,6,98.0,45.05753517150879,102.63062857146267
medium,sync_k8,gsm8k,6,107.0,46.169281005859375,103.18243200003407
medium,sync_k8,gsm8k,6,108.0,46.3407039642334,103.6905014284966
medium,sync_k8,gsm8k,6,117.0,51.11217498779297,108.17308600008141
medium,sync_k8,gsm8k,6,126.0,52.83212661743164,110.44709299997717
medium,sync_k8,gsm8k,6,131.0,55.05180358886719,112.24052299995685
medium,sync_k8,gsm8k,6,133.0,56.41603469848633,113.45568542856934
medium,sync_k8,gsm8k,6,140.0,58.22324752807617,115.2380050000525
medium,sync_k8,gsm8k,6,143.0,58.54201316833496,115.24944542865617
medium,sync_k8,gsm8k,6,152.0,63.84420394897461,121.61023057138814
medium,sync_k8,gsm8k,6,161.0,68.63188743591309,126.95067585714699
medium,sync_k8,gsm8k,6,170.0,69.96846199035645,128.00566442854299
medium,sync_k8,gsm8k,6,179.0,71.87724113464355,129.31419828570984
medium,sync_k8,gsm8k,6,188.0,73.75884056091309,131.40468957153325
medium,sync_k8,gsm8k,6,192.0,72.80802726745605,129.84658342862437
medium,tree_k8_b3,gsm8k,6,73.0,,94.93009999997221
medium,tree_k8_b3,gsm8k,6,82.0,,98.8232870000821
medium,tree_k8_b3,gsm8k,6,85.0,,99.16972757139493
medium,tree_k8_b3,gsm8k,6,91.0,,100.27930542864995
medium,tree_k8_b3,gsm8k,6,97.0,,101.79904028569187
medium,tree_k8_b3,gsm8k,6,98.0,,102.62444414284025
medium,tree_k8_b3,gsm8k,6,107.0,,102.62777357144148
medium,tree_k8_b3,gsm8k,6,108.0,,102.158457571425
medium,tree_k8_b3,gsm8k,6,117.0,,110.9144600000061
medium,tree_k8_b3,gsm8k,6,126.0,,109.9722609999682
medium,tree_k8_b3,gsm8k,6,131.0,,111.90696042858112
medium,tree_k8_b3,gsm8k,6,133.0,,117.98665842855651
medium,tree_k8_b3,gsm8k,6,140.0,,114.12008900005416
medium,tree_k8_b3,gsm8k,6,143.0,,115.7874704285114
medium,tree_k8_b3,gsm8k,6,152.0,,118.93618500000062
medium,tree_k8_b3,gsm8k,6,161.0,,125.08207885714913
medium,tree_k8_b3,gsm8k,6,170.0,,125.18929542864109
medium,tree_k8_b3,gsm8k,6,179.0,,130.88196085708455
medium,tree_k8_b3,gsm8k,6,188.0,,131.17322257137084
medium,tree_k8_b3,gsm8k,6,192.0,,130.69933985713348
medium,sync_k8,gsm8k,7,66.0,36.981821060180664,93.8760690000124
medium,sync_k8,gsm8k,7,74.0,37.409305572509766,93.85602514287298
medium,sync_k8,gsm8k,7,83.0,41.7485237121582,98.50343485710184
medium,sync_k8,gsm8k,7,91.0,42.938947677612305,100.09438614279472
medium,sync_k8,gsm8k,7,99.0,47.410011291503906,104.95409914285607
medium,sync_k8,gsm8k,7,108.0,48.03729057312012,105.54133342855076
medium,sync_k8,gsm8k,7,111.0,48.14291000366211,105.38718742858978
medium,sync_k8,gsm8k,7,120.0,51.20420455932617,108.21024085707771
medium,sync_k8,gsm8k,7,129.0,55.539608001708984,112.7938720000555
medium,sync_k8,gsm8k,7,138.0,57.42597579956055,114.68461942856696
medium,sync_k8,gsm8k,7,147.0,61.16294860839844,118.07641242853781
medium,sync_k8,gsm8k,7,156.0,63.99202346801758,121.17352385715606
medium,sync_k8,gsm8k,7,165.0,68.88961791992188,126.05505842855077
medium,sync_k8,gsm8k,7,174.0,70.37973403930664,127.96606085708088
medium,sync_k8,gsm8k,7,183.0,73.80962371826172,131.0816212856751
medium,sync_k8,gsm8k,7,187.0,74.51510429382324,132.20812142848555
medium,tree_k8_b3,gsm8k,7,66.0,,97.04973942857325
medium,tree_k8_b3,gsm8k,7,74.0,,94.53848814296221
medium,tree_k8_b3,gsm8k,7,83.0,,99.43417357132121
medium,tree_k8_b3,gsm8k,7,91.0,,99.94757899991485
medium,tree_k8_b3,gsm8k,7,99.0,,102.32240957146301
medium,tree_k8_b3,gsm8k,7,108.0,,102.79508899997735
medium,tree_k8_b3,gsm8k,7,111.0,,103.6985734286583
medium,tree_k8_b3,gsm8k,7,120.0,,114.08078785716364
medium,tree_k8_b3,gsm8k,7,129.0,,115.97503699994269
medium,tree_k8_b3,gsm8k,7,138.0,,117.15497442858099
medium,tree_k8_b3,gsm8k,7,147.0,,121.07194899994775
medium,tree_k8_b3,gsm8k,7,156.0,,122.12877685707156
medium,tree_k8_b3,gsm8k,7,165.0,,127.55228514290654
medium,tree_k8_b3,gsm8k,7,174.0,,125.33782242860084
medium,tree_k8_b3,gsm8k,7,183.0,,132.14934099997689
medium,tree_k8_b3,gsm8k,7,192.0,,134.00023142855497
medium,sync_k8,gsm8k,8,73.0,37.789106369018555,95.03365214281015
medium,sync_k8,gsm8k,8,78.0,37.610530853271484,94.72333357145973
medium,sync_k8,gsm8k,8,87.0,42.4802303314209,100.37059357141891
medium,sync_k8,gsm8k,8,96.0,42.5105094909668,100.23522799999283
medium,sync_k8,gsm8k,8,99.0,45.83406448364258,103.15160700009633
medium,sync_k8,gsm8k,8,108.0,47.136783599853516,104.27131899995251
medium,sync_k8,gsm8k,8,117.0,51.306724548339844,108.08962357142376
medium,sync_k8,gsm8k,8,126.0,51.95760726928711,108.93448042853005
medium,sync_k8,gsm8k,8,135.0,56.17403984069824,112.5907118571014
medium,sync_k8,gsm8k,8,144.0,59.60822105407715,117.52638085712391
medium,sync_k8,gsm8k,8,150.0,61.727046966552734,118.55367871429765
medium,sync_k8,gsm8k,8,153.0,62.103271484375,119.3088984286171
medium,sync_k8,gsm8k,8,160.0,63.50564956665039,120.45439742855623
medium,sync_k8,gsm8k,8,169.0,69.49901580810547,127.00947828578781
medium,sync_k8,gsm8k,8,178.0,72.0527172088623,128.9587182856741
medium,sync_k8,gsm8k,8,187.0,73.25220108032227,130.94540485720495
medium,sync_k8,gsm8k,8,196.0,77.32367515563965,134.0619085713629
medium,tree_k8_b3,gsm8k,8,73.0,,101.36581257140357
medium,tree_k8_b3,gsm8k,8,78.0,,93.32993657144445
medium,tree_k8_b3,gsm8k,8,87.0,,99.20819257143114
medium,tree_k8_b3,gsm8k,8,96.0,,99.31286057141196
medium,tree_k8_b3,gsm8k,8,99.0,,103.63909042854871
medium,tree_k8_b3,gsm8k,8,108.0,,105.26102442854139
medium,tree_k8_b3,gsm8k,8,117.0,,108.97380942862969
medium,tree_k8_b3,gsm8k,8,126.0,,109.25643699997579
medium,tree_k8_b3,gsm8k,8,135.0,,114.30164128582115
medium,tree_k8_b3,gsm8k,8,144.0,,118.08916785704554
medium,tree_k8_b3,gsm8k,8,150.0,,122.07252699991827
medium,tree_k8_b3,gsm8k,8,153.0,,121.5592300000969
medium,tree_k8_b3,gsm8k,8,160.0,,121.33587242858457
medium,tree_k8_b3,gsm8k,8,169.0,,124.73743228564406
medium,tree_k8_b3,gsm8k,8,178.0,,132.23599485707533
medium,tree_k8_b3,gsm8k,8,187.0,,132.34555785716816
medium,tree_k8_b3,gsm8k,8,196.0,,137.09968057144715
medium,sync_k8,gsm8k,9,64.0,33.59174728393555,90.37355400003702
medium,sync_k8,gsm8k,9,69.0,35.75778007507324,92.29740457147402
medium,sync_k8,gsm8k,9,78.0,41.60118103027344,98.5209415713934
medium,sync_k8,gsm8k,9,87.0,53.276777267456055,111.10354257140668
medium,sync_k8,gsm8k,9,96.0,44.289350509643555,101.06187100005126
medium,sync_k8,gsm8k,9,105.0,46.38481140136719,102.71017342856022
medium,sync_k8,gsm8k,9,114.0,52.47068405151367,108.84039499996054
medium,sync_k8,gsm8k,9,123.0,51.81407928466797,108.06296000000297
medium,sync_k8,gsm8k,9,132.0,56.2894344329834,112.93349628574003
medium,sync_k8,gsm8k,9,141.0,58.606863021850586,115.93052571427486
medium,sync_k8,gsm8k,9,150.0,63.260793685913086,121.05767900000284
medium,sync_k8,gsm8k,9,159.0,65.68431854248047,122.90324842857765
medium,sync_k8,gsm8k,9,168.0,68.87221336364746,126.09962342850157
medium,sync_k8,gsm8k,9,177.0,74.13911819458008,132.62847985717193
medium,sync_k8,gsm8k,9,186.0,73.10914993286133,130.38967900000063
medium,sync_k8,gsm8k,9,191.0,73.78792762756348,130.89045400002732
medium,tree_k8_b3,gsm8k,9,64.0,,91.10710700006888
medium,tree_k8_b3,gsm8k,9,69.0,,91.82047957143043
medium,tree_k8_b3,gsm8k,9,78.0,,93.55207100008414
medium,tree_k8_b3,gsm8k,9,87.0,,97.14303999992259
medium,tree_k8_b3,gsm8k,9,96.0,,98.02095799998777
medium,tree_k8_b3,gsm8k,9,105.0,,103.63145800002712
medium,tree_k8_b3,gsm8k,9,114.0,,109.69328657143515
medium,tree_k8_b3,gsm8k,9,123.0,,111.38164357143026
medium,tree_k8_b3,gsm8k,9,132.0,,113.66152085714691
medium,tree_k8_b3,gsm8k,9,141.0,,115.60795271432633
medium,tree_k8_b3,gsm8k,9,150.0,,124.37379585714154
medium,tree_k8_b3,gsm8k,9,159.0,,121.24813585714496
medium,tree_k8_b3,gsm8k,9,168.0,,123.73523142861121
medium,tree_k8_b3,gsm8k,9,177.0,,129.08786928564683
medium,tree_k8_b3,gsm8k,9,186.0,,134.61284499997493
medium,tree_k8_b3,gsm8k,9,191.0,,131.919423428568
medium,sync_k8,gsm8k,10,70.0,39.943695068359375,97.18341471433942
medium,sync_k8,gsm8k,10,79.0,39.134979248046875,96.25323500001448
medium,sync_k8,gsm8k,10,86.0,42.08111763000488,99.08327757139253
medium,sync_k8,gsm8k,10,95.0,45.580148696899414,103.21893057146775
medium,sync_k8,gsm8k,10,100.0,48.13957214355469,105.53874157148097
medium,sync_k8,gsm8k,10,104.0,47.762155532836914,104.5741449999893
medium,sync_k8,gsm8k,10,106.0,46.973466873168945,104.73915399994237
medium,sync_k8,gsm8k,10,111.0,46.75602912902832,103.6207624286093
medium,sync_k8,gsm8k,10,120.0,51.946163177490234,108.60071414283816
medium,sync_k8,gsm8k,10,129.0,55.42469024658203,111.80665299991378
medium,sync_k8,gsm8k,10,138.0,57.0068359375,113.4442592857072
medium,sync_k8,gsm8k,10,144.0,58.707237243652344,116.02606957135475
medium,sync_k8,gsm8k,10,153.0,62.502384185791016,119.31842542855439
medium,sync_k8,gsm8k,10,162.0,68.85218620300293,126.30893528574526
medium,sync_k8,gsm8k,10,171.0,70.50228118896484,128.29295185713818
medium,sync_k8,gsm8k,10,180.0,74.8741626739502,132.8267562856549
medium,sync_k8,gsm8k,10,189.0,74.34821128845215,131.74973985719583
medium,tree_k8_b3,gsm8k,10,70.0,,100.26828057141886
medium,tree_k8_b3,gsm8k,10,79.0,,96.6207714285504
medium,tree_k8_b3,gsm8k,10,86.0,,99.14768857143193
medium,tree_k8_b3,gsm8k,10,95.0,,101.17801642858963
medium,tree_k8_b3,gsm8k,10,100.0,,101.19532699991045
medium,tree_k8_b3,gsm8k,10,104.0,,102.82916899993478
medium,tree_k8_b3,gsm8k,10,106.0,,103.98357057140518
medium,tree_k8_b3,gsm8k,10,111.0,,103.5592235713533
medium,tree_k8_b3,gsm8k,10,120.0,,108.2855111428244
medium,tree_k8_b3,gsm8k,10,129.0,,115.49090099992699
medium,tree_k8_b3,gsm8k,10,138.0,,114.33524899998793
medium,tree_k8_b3,gsm8k,10,144.0,,115.6163780000572
medium,tree_k8_b3,gsm8k,10,153.0,,119.14431600001772
medium,tree_k8_b3,gsm8k,10,162.0,,122.92161185712457
medium,tree_k8_b3,gsm8k,10,171.0,,123.86158228565502
medium,tree_k8_b3,gsm8k,10,180.0,,128.33068828578823
medium,tree_k8_b3,gsm8k,10,189.0,,133.483739857138
medium,sync_k8,humaneval,1,127.0,55.193424224853516,112.40761857147147
medium,sync_k8,humaneval,1,129.0,55.97734451293945,112.78544400005299
medium,sync_k8,humaneval,1,130.0,55.87434768676758,112.61603999998235
medium,sync_k8,humaneval,1,139.0,58.947086334228516,115.44673757136485
medium,sync_k8,humaneval,1,145.0,61.53392791748047,117.95465199994788
medium,sync_k8,humaneval,1,154.0,63.41218948364258,120.81859685714645
medium,sync_k8,humaneval,1,163.0,67.35515594482422,124.11274642855781
medium,sync_k8,humaneval,1,165.0,67.83914566040039,125.28458342851705
medium,sync_k8,humaneval,1,174.0,68.57776641845703,125.64622857148093
medium,sync_k8,humaneval,1,183.0,72.06130027770996,128.87127528574922
medium,sync_k8,humaneval,1,186.0,74.08690452575684,131.60051400007103
medium,sync_k8,humaneval,1,187.0,74.27859306335449,131.8414014284701
medium,sync_k8,humaneval,1,189.0,74.67246055603027,132.3347935714197
medium,sync_k8,humaneval,1,192.0,75.31523704528809,132.24688900003275
medium,sync_k8,humaneval,1,195.0,78.99665832519531,136.34336599996732
medium,sync_k8,humaneval,1,204.0,79.89215850830078,137.01257585716667
medium,sync_k8,humaneval,1,213.0,83.58049392700195,140.12447642859115
medium,sync_k8,humaneval,1,222.0,87.82243728637695,145.55087799999265
medium,sync_k8,humaneval,1,230.0,90.47555923461914,147.85203999997125
medium,sync_k8,humaneval,1,239.0,92.03410148620605,149.6396598570419
medium,sync_k8,humaneval,1,248.0,96.03333473205566,153.79901028578956
medium,tree_k8_b3,humaneval,1,127.0,,113.78879057139541
medium,tree_k8_b3,humaneval,1,129.0,,114.91200642864776
medium,tree_k8_b3,humaneval,1,130.0,,112.20016199996982
medium,tree_k8_b3,humaneval,1,139.0,,115.0899019999784
medium,tree_k8_b3,humaneval,1,145.0,,119.77504399996116
medium,tree_k8_b3,humaneval,1,154.0,,124.63952042863357
medium,tree_k8_b3,humaneval,1,163.0,,126.47115642861402
medium,tree_k8_b3,humaneval,1,165.0,,126.00706985714021
medium,tree_k8_b3,humaneval,1,174.0,,127.50691157138532
medium,tree_k8_b3,humaneval,1,183.0,,131.95494928573055
medium,tree_k8_b3,humaneval,1,186.0,,130.88936100007356
medium,tree_k8_b3,humaneval,1,187.0,,130.6407994285439
medium,tree_k8_b3,humaneval,1,189.0,,133.32792300006452
medium,tree_k8_b3,humaneval,1,192.0,,134.69167799995648
medium,tree_k8_b3,humaneval,1,195.0,,134.75979157137908
medium,tree_k8_b3,humaneval,1,204.0,,135.96660485711345
medium,tree_k8_b3,humaneval,1,213.0,,141.00902542862514
medium,tree_k8_b3,humaneval,1,222.0,,143.4802620000236
medium,tree_k8_b3,humaneval,1,230.0,,150.72253499999593
medium,tree_k8_b3,humaneval,1,239.0,,150.20748285713861
medium,tree_k8_b3,humaneval,1,248.0,,155.57850228564462
medium,sync_k8,humaneval,2,109.0,47.26552963256836,104.07203542860202
medium,sync_k8,humaneval,2,118.0,51.53918266296387,108.12613842857783
medium,sync_k8,humaneval,2,127.0,54.964303970336914,111.60930699994067
medium,sync_k8,humaneval,2,129.0,56.60247802734375,113.26289600000257
medium,sync_k8,humaneval,2,131.0,56.433677673339844,113.03692900000691
medium,sync_k8,humaneval,2,140.0,56.03456497192383,112.37236742859223
medium,sync_k8,humaneval,2,149.0,61.48838996887207,117.78076500002034
medium,sync_k8,humaneval,2,158.0,63.99059295654297,120.4450690000682
medium,sync_k8,humaneval,2,159.0,63.143014907836914,120.02136814280588
medium,sync_k8,humaneval,2,160.0,62.493085861206055,119.02247514283737
medium,sync_k8,humaneval,2,161.0,68.16792488098145,125.76310499996589
medium,sync_k8,humaneval,2,164.0,67.95144081115723,124.80051457142962
medium,sync_k8,humaneval,2,168.0,67.14367866516113,123.4518584285011
medium,sync_k8,humaneval,2,169.0,67.8560733795166,124.28575428573205
medium,sync_k8,humaneval,2,174.0,67.61670112609863,124.0215224285381
medium,sync_k8,humaneval,2,177.0,70.37639617919922,127.05926299993108
medium,sync_k8,humaneval,2,186.0,72.1435546875,128.70784700007007
medium,sync_k8,humaneval,2,189.0,72.56579399108887,129.28214428574074
medium,sync_k8,humaneval,2,190.0,73.24910163879395,129.69842085725048
medium,sync_k8,humaneval,2,193.0,76.71499252319336,133.17698785717258
medium,sync_k8,humaneval,2,194.0,78.9804458618164,136.64312685707498
medium,sync_k8,humaneval,2,197.0,78.42707633972168,135.98049228569613
medium,sync_k8,humaneval,2,206.0,79.41484451293945,136.29456685713387
medium,sync_k8,humaneval,2,215.0,83.7254524230957,140.62745700002392
medium,sync_k8,humaneval,2,224.0,85.31999588012695,142.24708685718053
medium,sync_k8,humaneval,2,233.0,90.55876731872559,147.3500538571679
medium,tree_k8_b3,humaneval,2,109.0,,108.77448142849858
medium,tree_k8_b3,humaneval,2,118.0,,108.84662342856583
medium,tree_k8_b3,humaneval,2,127.0,,108.4622614284968
medium,tree_k8_b3,humaneval,2,129.0,,114.23858657147332
medium,tree_k8_b3,humaneval,2,131.0,,114.69203100009302
medium,tree_k8_b3,humaneval,2,140.0,,113.23030642854901
medium,tree_k8_b3,humaneval,2,149.0,,119.19458599993494
medium,tree_k8_b3,humaneval,2,158.0,,122.90239199999871
medium,tree_k8_b3,humaneval,2,159.0,,121.84948157144441
medium,tree_k8_b3,humaneval,2,160.0,,123.29305457140991
medium,tree_k8_b3,humaneval,2,161.0,,126.64901200007671
medium,tree_k8_b3,humaneval,2,164.0,,125.74086557136978
medium,tree_k8_b3,humaneval,2,168.0,,126.9843378571523
medium,tree_k8_b3,humaneval,2,169.0,,125.23433485718371
medium,tree_k8_b3,humaneval,2,174.0,,126.00593842856563
medium,tree_k8_b3,humaneval,2,177.0,,128.15910500007533
medium,tree_k8_b3,humaneval,2,186.0,,129.9223078571539
medium,tree_k8_b3,humaneval,2,189.0,,131.96779328562707
medium,tree_k8_b3,humaneval,2,190.0,,131.420020857133
medium,tree_k8_b3,humaneval,2,193.0,,135.85349285724024
medium,tree_k8_b3,humaneval,2,194.0,,135.71544542864416
medium,tree_k8_b3,humaneval,2,197.0,,135.95802428569874
medium,tree_k8_b3,humaneval,2,206.0,,137.22086885705914
medium,tree_k8_b3,humaneval,2,215.0,,142.20241457136513
medium,tree_k8_b3,humaneval,2,224.0,,142.01655485713457
medium,tree_k8_b3,humaneval,2,233.0,,148.00456385717183
medium,sync_k8,humaneval,3,144.0,58.561086654663086,116.06750899994937
medium,sync_k8,humaneval,3,146.0,60.692787170410156,117.95277800003873
medium,sync_k8,humaneval,3,147.0,61.68842315673828,119.68655100008908
medium,sync_k8,humaneval,3,152.0,63.80295753479004,121.35448028580507
medium,sync_k8,humaneval,3,154.0,63.78769874572754,121.46887657137134
medium,sync_k8,humaneval,3,155.0,62.67690658569336,120.38695942848253
medium,sync_k8,humaneval,3,157.0,63.718557357788086,121.12667957145375
medium,sync_k8,humaneval,3,165.0,68.11165809631348,125.47354557146713
medium,sync_k8,humaneval,3,174.0,69.27728652954102,126.69193800002002
medium,sync_k8,humaneval,3,183.0,73.7159252166748,131.39181585715198
medium,sync_k8,humaneval,3,192.0,74.92780685424805,132.53892657139997
medium,sync_k8,humaneval,3,201.0,81.5129280090332,138.93235185710424
medium,sync_k8,humaneval,3,203.0,79.75363731384277,136.82698342855122
medium,sync_k8,humaneval,3,209.0,82.40532875061035,139.04535657144078
medium,sync_k8,humaneval,3,212.0,83.13465118408203,139.6950584285307
medium,sync_k8,humaneval,3,216.0,84.02895927429199,141.28581799994674
medium,sync_k8,humaneval,3,223.0,88.09256553649902,146.33346399996714
medium,sync_k8,humaneval,3,231.0,90.81053733825684,148.57323942858926
medium,sync_k8,humaneval,3,238.0,90.4390811920166,148.06309400000023
medium,sync_k8,humaneval,3,247.0,95.02434730529785,153.2508189999549
medium,sync_k8,humaneval,3,254.0,98.46782684326172,156.25206099995364
medium,sync_k8,humaneval,3,263.0,155.14421463012695,212.7530215714691
medium,tree_k8_b3,humaneval,3,144.0,,117.84317942862924
medium,tree_k8_b3,humaneval,3,146.0,,118.57484042850979
medium,tree_k8_b3,humaneval,3,147.0,,118.82144899994108
medium,tree_k8_b3,humaneval,3,152.0,,118.75921285709366
medium,tree_k8_b3,humaneval,3,154.0,,119.56168257153016
medium,tree_k8_b3,humaneval,3,155.0,,119.19790642852067
medium,tree_k8_b3,humaneval,3,157.0,,120.85073857141295
medium,tree_k8_b3,humaneval,3,165.0,,123.96231257149333
medium,tree_k8_b3,humaneval,3,174.0,,124.08142999993113
medium,tree_k8_b3,humaneval,3,183.0,,130.54681628566243
medium,tree_k8_b3,humaneval,3,192.0,,133.71833957144528
medium,tree_k8_b3,humaneval,3,201.0,,138.88016985711388
medium,tree_k8_b3,humaneval,3,203.0,,139.19800585712224
medium,tree_k8_b3,humaneval,3,209.0,,144.74061557148997
medium,tree_k8_b3,humaneval,3,212.0,,145.23598442851127
medium,tree_k8_b3,humaneval,3,216.0,,141.63337300002252
medium,tree_k8_b3,humaneval,3,223.0,,145.2159420000085
medium,tree_k8_b3,humaneval,3,231.0,,147.518034428646
medium,tree_k8_b3,humaneval,3,238.0,,147.48873857143704
medium,tree_k8_b3,humaneval,3,247.0,,150.86477900003553
medium,tree_k8_b3,humaneval,3,254.0,,152.32775385711818
medium,tree_k8_b3,humaneval,3,263.0,,212.00486642855725
medium,sync_k8,humaneval,4,102.0,47.92904853820801,105.74222242854417
medium,sync_k8,humaneval,4,104.0,48.01678657531738,105.49514100000079
medium,sync_k8,humaneval,4,105.0,46.34857177734375,103.79282399999086
medium,sync_k8,humaneval,4,109.0,46.39387130737305,103.32584442862995
medium,sync_k8,humaneval,4,118.0,50.66847801208496,107.27071299997634
medium,sync_k8,humaneval,4,127.0,51.03039741516113,107.32099542856741
medium,sync_k8,humaneval,4,128.0,52.98757553100586,109.40675485712006
medium,sync_k8,humaneval,4,137.0,58.805227279663086,116.11796100001047
medium,sync_k8,humaneval,4,146.0,62.4842643737793,120.11886785705138
medium,sync_k8,humaneval,4,155.0,63.04597854614258,120.9551264285748
medium,sync_k8,humaneval,4,164.0,70.29461860656738,127.54903300001726
medium,sync_k8,humaneval,4,170.0,67.84415245056152,124.5755149999153
medium,sync_k8,humaneval,4,171.0,69.03314590454102,126.11592142857482
medium,sync_k8,humaneval,4,180.0,71.46644592285156,128.46050499999748
medium,sync_k8,humaneval,4,184.0,75.26564598083496,132.62369385714618
medium,sync_k8,humaneval,4,193.0,79.08439636230469,136.17781942862834
medium,sync_k8,humaneval,4,194.0,79.75244522094727,136.76750885716953
medium,sync_k8,humaneval,4,195.0,79.90241050720215,137.72248342857955
medium,sync_k8,humaneval,4,204.0,81.18557929992676,139.4694594286507
medium,sync_k8,humaneval,4,212.0,84.50031280517578,142.86932642860955
medium,sync_k8,humaneval,4,221.0,87.2642993927002,144.68003400000288
medium,sync_k8,humaneval,4,226.0,91.83955192565918,150.06056600001318
medium,sync_k8,humaneval,4,229.0,89.3239974975586,147.13919028569381
medium,tree_k8_b3,humaneval,4,102.0,,106.98218742851209
medium,tree_k8_b3,humaneval,4,104.0,,105.30430314282191
medium,tree_k8_b3,humaneval,4,105.0,,105.79756000010805
medium,tree_k8_b3,humaneval,4,109.0,,105.77642300006222
medium,tree_k8_b3,humaneval,4,118.0,,108.40607242867247
medium,tree_k8_b3,humaneval,4,127.0,,108.41628400000745
medium,tree_k8_b3,humaneval,4,128.0,,108.57611685709514
medium,tree_k8_b3,humaneval,4,137.0,,112.35833742860733
medium,tree_k8_b3,humaneval,4,146.0,,117.2507840000242
medium,tree_k8_b3,humaneval,4,155.0,,120.23272242864473
medium,tree_k8_b3,humaneval,4,164.0,,129.3328330000156
medium,tree_k8_b3,humaneval,4,170.0,,125.182067000051
medium,tree_k8_b3,humaneval,4,171.0,,125.07807028579504
medium,tree_k8_b3,humaneval,4,180.0,,127.98442400000951
medium,tree_k8_b3,humaneval,4,184.0,,130.08851585712972
medium,tree_k8_b3,humaneval,4,193.0,,134.6970744285339
medium,tree_k8_b3,humaneval,4,194.0,,135.57670942849057
medium,tree_k8_b3,humaneval,4,195.0,,139.74505542856667
medium,tree_k8_b3,humaneval,4,204.0,,138.13521242849177
medium,tree_k8_b3,humaneval,4,212.0,,140.85289842856236
medium,tree_k8_b3,humaneval,4,221.0,,142.19748357138423
medium,tree_k8_b3,humaneval,4,226.0,,148.0470089999584
medium,tree_k8_b3,humaneval,4,229.0,,148.3825208572255
medium,sync_k8,humaneval,5,168.0,70.79100608825684,128.66143785713277
medium,sync_k8,humaneval,5,170.0,68.76540184020996,126.3329862856698
medium,sync_k8,humaneval,5,178.0,71.87008857727051,129.73324600001465
medium,sync_k8,humaneval,5,179.0,76.07793807983398,133.54980399996424
medium,sync_k8,humaneval,5,180.0,74.20039176940918,131.58964985715102
medium,sync_k8,humaneval,5,189.0,73.63080978393555,130.18493228570134
medium,sync_k8,humaneval,5,198.0,79.91290092468262,137.07198057139308
medium,sync_k8,humaneval,5,204.0,82.00788497924805,139.49697385714086
medium,sync_k8,humaneval,5,213.0,84.7928524017334,142.17904428568625
medium,sync_k8,humaneval,5,222.0,87.21137046813965,144.74822885713607
medium,sync_k8,humaneval,5,231.0,89.84899520874023,147.0792724285654
medium,sync_k8,humaneval,5,240.0,91.03655815124512,147.64537899999556
medium,sync_k8,humaneval,5,249.0,96.18878364562988,153.48090142867068
medium,sync_k8,humaneval,5,258.0,157.21416473388672,215.4801891429051
medium,sync_k8,humaneval,5,267.0,154.85382080078125,212.4640005714427
medium,sync_k8,humaneval,5,274.0,156.41212463378906,214.21167957141648
medium,sync_k8,humaneval,5,276.0,157.9141616821289,216.476998000067
medium,sync_k8,humaneval,5,284.0,157.79685974121094,216.0381577142242
medium,sync_k8,humaneval,5,285.0,156.97121620178223,214.02954600004801
medium,sync_k8,humaneval,5,286.0,156.99505805969238,214.70730914294336
medium,sync_k8,humaneval,5,291.0,159.60025787353516,217.34900414277817
medium,sync_k8,humaneval,5,295.0,159.02209281921387,217.2010509999684
medium,tree_k8_b3,humaneval,5,168.0,,126.57910342851685
medium,tree_k8_b3,humaneval,5,170.0,,124.54053128568366
medium,tree_k8_b3,humaneval,5,178.0,,131.579982000076
medium,tree_k8_b3,humaneval,5,179.0,,130.1559339999962
medium,tree_k8_b3,humaneval,5,180.0,,129.56455528566633
medium,tree_k8_b3,humaneval,5,189.0,,130.449280857127
medium,tree_k8_b3,humaneval,5,198.0,,135.34888857148658
medium,tree_k8_b3,humaneval,5,204.0,,137.2137158572205
medium,tree_k8_b3,humaneval,5,213.0,,140.60450828577893
medium,tree_k8_b3,humaneval,5,222.0,,142.04980485717684
medium,tree_k8_b3,humaneval,5,231.0,,146.36116342857503
medium,tree_k8_b3,humaneval,5,240.0,,149.56014200005444
medium,tree_k8_b3,humaneval,5,249.0,,152.52874885713663
medium,tree_k8_b3,humaneval,5,258.0,,210.81698657137844
medium,tree_k8_b3,humaneval,5,267.0,,212.89883957136496
medium,tree_k8_b3,humaneval,5,274.0,,215.2918325713918
medium,tree_k8_b3,humaneval,5,276.0,,213.1588075714572
medium,tree_k8_b3,humaneval,5,284.0,,213.75437171431702
medium,tree_k8_b3,humaneval,5,285.0,,214.49441242848712
medium,tree_k8_b3,humaneval,5,286.0,,215.44430457149156
medium,tree_k8_b3,humaneval,5,291.0,,214.76785014285142
medium,tree_k8_b3,humaneval,5,295.0,,215.17100300003062
medium,sync_k8,humaneval,6,141.0,60.01710891723633,117.50984742862556
medium,sync_k8,humaneval,6,143.0,58.25209617614746,115.23586199990697
medium,sync_k8,humaneval,6,144.0,57.70683288574219,114.5665679999354
medium,sync_k8,humaneval,6,153.0,64.27001953125,121.82465771436685
medium,sync_k8,humaneval,6,162.0,67.20280647277832,124.65847642860422
medium,sync_k8,humaneval,6,171.0,67.95978546142578,125.05091142852169
medium,sync_k8,humaneval,6,174.0,68.85552406311035,126.13411642864183
medium,sync_k8,humaneval,6,177.0,72.40438461303711,129.52594842855345
medium,sync_k8,humaneval,6,186.0,73.80223274230957,131.30358242862013
medium,sync_k8,humaneval,6,187.0,73.61054420471191,131.1924204285248
medium,sync_k8,humaneval,6,194.0,78.97067070007324,137.02782457146174
medium,sync_k8,humaneval,6,203.0,79.46610450744629,136.75206500005078
medium,sync_k8,humaneval,6,212.0,85.18218994140625,142.71329257144953
medium,sync_k8,humaneval,6,221.0,86.18044853210449,143.97904242855824
medium,sync_k8,humaneval,6,230.0,90.05308151245117,147.5637778570599
medium,sync_k8,humaneval,6,237.0,92.80586242675781,149.89884028570398
medium,sync_k8,humaneval,6,246.0,94.24376487731934,151.329394000052
medium,sync_k8,humaneval,6,255.0,96.55070304870605,154.03907499997837
medium,sync_k8,humaneval,6,259.0,153.30815315246582,210.38287957135972
medium,sync_k8,humaneval,6,268.0,155.00926971435547,212.658738571465
medium,tree_k8_b3,humaneval,6,141.0,,115.59528185718047
medium,tree_k8_b3,humaneval,6,143.0,,115.72740142855284
medium,tree_k8_b3,humaneval,6,144.0,,115.70397100007882
medium,tree_k8_b3,humaneval,6,153.0,,119.89102642858872
medium,tree_k8_b3,humaneval,6,162.0,,124.57522200000699
medium,tree_k8_b3,humaneval,6,171.0,,125.2141254285755
medium,tree_k8_b3,humaneval,6,174.0,,124.73056500003801
medium,tree_k8_b3,humaneval,6,177.0,,127.88747142863852
medium,tree_k8_b3,humaneval,6,186.0,,128.77024642856423
medium,tree_k8_b3,humaneval,6,187.0,,132.72034142857197
medium,tree_k8_b3,humaneval,6,194.0,,135.91786799995913
medium,tree_k8_b3,humaneval,6,203.0,,136.33454799997725
medium,tree_k8_b3,humaneval,6,212.0,,141.61762057143005
medium,tree_k8_b3,humaneval,6,221.0,,141.29816985717787
medium,tree_k8_b3,humaneval,6,230.0,,145.6345784285627
medium,tree_k8_b3,humaneval,6,237.0,,148.01863428580785
medium,tree_k8_b3,humaneval,6,246.0,,151.94662399992723
medium,tree_k8_b3,humaneval,6,255.0,,153.26182400004706
medium,tree_k8_b3,humaneval,6,259.0,,212.1375985713784
medium,tree_k8_b3,humaneval,6,268.0,,212.051158428599
medium,sync_k8,humaneval,7,94.0,41.913747787475586,98.8051849999501
medium,sync_k8,humaneval,7,96.0,41.69487953186035,99.0192978571948
medium,sync_k8,humaneval,7,98.0,44.18158531188965,100.70448499993749
medium,sync_k8,humaneval,7,100.0,45.13812065124512,101.6900124285913
medium,sync_k8,humaneval,7,109.0,47.66535758972168,106.0061235714184
medium,sync_k8,humaneval,7,110.0,46.736717224121094,104.03281814282286
medium,sync_k8,humaneval,7,117.0,50.56285858154297,107.46331642858456
medium,sync_k8,humaneval,7,120.0,51.32484436035156,108.63988899997261
medium,sync_k8,humaneval,7,121.0,51.917076110839844,109.61877657147004
medium,sync_k8,humaneval,7,122.0,52.09469795227051,109.72464685713847
medium,sync_k8,humaneval,7,124.0,50.917863845825195,107.89941200003689
medium,sync_k8,humaneval,7,125.0,51.3300895690918,108.6259029999751
medium,sync_k8,humaneval,7,121.0,50.882577896118164,108.01726257144573
medium,sync_k8,humaneval,7,129.0,55.357933044433594,112.28580142856096
medium,sync_k8,humaneval,7,130.0,55.71460723876953,112.67005099998735
medium,sync_k8,humaneval,7,131.0,55.36818504333496,112.32098557138474
medium,sync_k8,humaneval,7,138.0,56.932926177978516,114.77890514278158
medium,sync_k8,humaneval,7,147.0,61.90180778503418,119.48419442856269
medium,sync_k8,humaneval,7,156.0,63.61651420593262,121.60275257142123
medium,sync_k8,humaneval,7,158.0,63.50827217102051,121.28798385715835
medium,sync_k8,humaneval,7,162.0,72.30806350708008,130.89798128568106
medium,sync_k8,humaneval,7,171.0,69.39291954040527,126.94767628568455
medium,sync_k8,humaneval,7,174.0,69.27967071533203,126.10989757145128
medium,sync_k8,humaneval,7,183.0,72.97587394714355,130.81450742856265
medium,sync_k8,humaneval,7,185.0,74.4788646697998,131.4990282857205
medium,sync_k8,humaneval,7,187.0,78.69625091552734,137.04837500003197
medium,sync_k8,humaneval,7,189.0,74.25165176391602,131.89808400002596
medium,sync_k8,humaneval,7,198.0,78.53221893310547,136.12151185711699
medium,sync_k8,humaneval,7,202.0,78.47332954406738,135.822260428665
medium,sync_k8,humaneval,7,206.0,78.79257202148438,135.78167242865678
medium,sync_k8,humaneval,7,215.0,83.4510326385498,141.08294485716505
medium,tree_k8_b3,humaneval,7,94.0,,103.48023100005226
medium,tree_k8_b3,humaneval,7,96.0,,101.32798442852558
medium,tree_k8_b3,humaneval,7,98.0,,106.98851699999072
medium,tree_k8_b3,humaneval,7,100.0,,101.96936699991565
medium,tree_k8_b3,humaneval,7,109.0,,103.21499000000637
medium,tree_k8_b3,humaneval,7,110.0,,102.7053655714292
medium,tree_k8_b3,humaneval,7,117.0,,107.55258999999465
medium,tree_k8_b3,humaneval,7,120.0,,108.5375595714207
medium,tree_k8_b3,humaneval,7,121.0,,111.97847857139156
medium,tree_k8_b3,humaneval,7,122.0,,111.18596642857716
medium,tree_k8_b3,humaneval,7,124.0,,110.88072342855898
medium,tree_k8_b3,humaneval,7,125.0,,110.39403842853244
medium,tree_k8_b3,humaneval,7,121.0,,108.13569699998371
medium,tree_k8_b3,humaneval,7,129.0,,112.76068399994824
medium,tree_k8_b3,humaneval,7,130.0,,113.26518157140482
medium,tree_k8_b3,humaneval,7,131.0,,114.53169314285455
medium,tree_k8_b3,humaneval,7,138.0,,117.66096799999549
medium,tree_k8_b3,humaneval,7,147.0,,121.3632520000115
medium,tree_k8_b3,humaneval,7,156.0,,124.00848857143549
medium,tree_k8_b3,humaneval,7,158.0,,121.2155184286047
medium,tree_k8_b3,humaneval,7,167.0,,126.61059385721124
medium,tree_k8_b3,humaneval,7,174.0,,130.0227455714785
medium,tree_k8_b3,humaneval,7,183.0,,132.88071085712642
medium,tree_k8_b3,humaneval,7,185.0,,131.22824585715378
medium,tree_k8_b3,humaneval,7,187.0,,132.02642100006034
medium,tree_k8_b3,humaneval,7,189.0,,131.97354585715144
medium,tree_k8_b3,humaneval,7,198.0,,136.50414085711762
medium,tree_k8_b3,humaneval,7,202.0,,138.976558000041
medium,tree_k8_b3,humaneval,7,206.0,,142.61268614282568
medium,tree_k8_b3,humaneval,7,215.0,,144.183099428598
medium,sync_k8,humaneval,8,95.0,46.59390449523926,104.43893257145614
medium,sync_k8,humaneval,8,97.0,47.65725135803223,105.2864495714773
medium,sync_k8,humaneval,8,106.0,46.99516296386719,104.53636157141989
medium,sync_k8,humaneval,8,115.0,50.23527145385742,106.80022957144664
medium,sync_k8,humaneval,8,124.0,51.787376403808594,108.25311299996675
medium,sync_k8,humaneval,8,133.0,56.86783790588379,114.38280442852854
medium,sync_k8,humaneval,8,142.0,60.84322929382324,117.92005828563859
medium,sync_k8,humaneval,8,150.0,63.88354301452637,120.61118942862899
medium,sync_k8,humaneval,8,152.0,62.72625923156738,119.08683799993099
medium,sync_k8,humaneval,8,154.0,63.58456611633301,122.06771042858205
medium,sync_k8,humaneval,8,155.0,62.19148635864258,119.10601342865466
medium,sync_k8,humaneval,8,164.0,68.28689575195312,125.76967242856037
medium,sync_k8,humaneval,8,173.0,68.00103187561035,125.3330054286275
medium,sync_k8,humaneval,8,182.0,72.01385498046875,129.70990600005152
medium,sync_k8,humaneval,8,191.0,73.21739196777344,130.59376042856715
medium,sync_k8,humaneval,8,200.0,78.24993133544922,135.28257900000443
medium,sync_k8,humaneval,8,209.0,84.75923538208008,141.62868942862082
medium,sync_k8,humaneval,8,218.0,84.00869369506836,141.07404557145423
medium,tree_k8_b3,humaneval,8,95.0,,101.36782757133882
medium,tree_k8_b3,humaneval,8,97.0,,106.53060757144044
medium,tree_k8_b3,humaneval,8,106.0,,107.49080557143077
medium,tree_k8_b3,humaneval,8,115.0,,109.73257814295746
medium,tree_k8_b3,humaneval,8,124.0,,108.87441100002225
medium,tree_k8_b3,humaneval,8,133.0,,112.72010000003664
medium,tree_k8_b3,humaneval,8,142.0,,115.7657157142601
medium,tree_k8_b3,humaneval,8,150.0,,120.60011000004563
medium,tree_k8_b3,humaneval,8,152.0,,121.49235042857748
medium,tree_k8_b3,humaneval,8,154.0,,119.07331642859813
medium,tree_k8_b3,humaneval,8,155.0,,121.87544442858798
medium,tree_k8_b3,humaneval,8,164.0,,126.8102234285204
medium,tree_k8_b3,humaneval,8,173.0,,127.61522585714827
medium,tree_k8_b3,humaneval,8,182.0,,129.1222415713783
medium,tree_k8_b3,humaneval,8,191.0,,133.7371874286217
medium,tree_k8_b3,humaneval,8,200.0,,136.52886599996253
medium,tree_k8_b3,humaneval,8,209.0,,141.50059399993364
medium,tree_k8_b3,humaneval,8,218.0,,141.66082799997145
medium,sync_k8,humaneval,9,154.0,63.93933296203613,121.72919442863655
medium,sync_k8,humaneval,9,156.0,66.2233829498291,123.8969064286061
medium,sync_k8,humaneval,9,157.0,63.4770393371582,120.95550885709656
medium,sync_k8,humaneval,9,158.0,62.88552284240723,120.35636942850104
medium,sync_k8,humaneval,9,164.0,67.73948669433594,125.31799442863826
medium,sync_k8,humaneval,9,173.0,70.85633277893066,127.78392342855685
medium,sync_k8,humaneval,9,180.0,71.31648063659668,127.98716399997856
medium,sync_k8,humaneval,9,189.0,73.42886924743652,130.12419900006154
medium,sync_k8,humaneval,9,192.0,74.14698600769043,131.21415800005576
medium,sync_k8,humaneval,9,201.0,78.88245582580566,136.43251157147697
medium,sync_k8,humaneval,9,210.0,82.84735679626465,139.4892154285718
medium,sync_k8,humaneval,9,219.0,84.98549461364746,142.0684498571971
medium,sync_k8,humaneval,9,228.0,89.83492851257324,147.26663700003945
medium,sync_k8,humaneval,9,237.0,90.55161476135254,147.58997242858885
medium,sync_k8,humaneval,9,246.0,95.03507614135742,152.09167500009096
medium,sync_k8,humaneval,9,250.0,96.08578681945801,153.8215404285265
medium,sync_k8,humaneval,9,259.0,156.38971328735352,213.98533314279047
medium,sync_k8,humaneval,9,268.0,154.19363975524902,211.18106500001477
medium,sync_k8,humaneval,9,277.0,156.34918212890625,213.92292157146088
medium,tree_k8_b3,humaneval,9,154.0,,122.1937704285359
medium,tree_k8_b3,humaneval,9,156.0,,123.40624600010047
medium,tree_k8_b3,humaneval,9,157.0,,124.25787442851663
medium,tree_k8_b3,humaneval,9,158.0,,120.64247900001126
medium,tree_k8_b3,humaneval,9,164.0,,124.02986142852183
medium,tree_k8_b3,humaneval,9,173.0,,126.06189342856058
medium,tree_k8_b3,humaneval,9,180.0,,128.66366200005388
medium,tree_k8_b3,humaneval,9,189.0,,130.1213820000665
medium,tree_k8_b3,humaneval,9,192.0,,132.5167199999201
medium,tree_k8_b3,humaneval,9,201.0,,138.65041499998742
medium,tree_k8_b3,humaneval,9,210.0,,140.39758342864036
medium,tree_k8_b3,humaneval,9,219.0,,141.83011885709203
medium,tree_k8_b3,humaneval,9,228.0,,147.95668700004234
medium,tree_k8_b3,humaneval,9,237.0,,149.2003044285163
medium,tree_k8_b3,humaneval,9,246.0,,153.17800071432376
medium,tree_k8_b3,humaneval,9,250.0,,155.91993599994063
medium,tree_k8_b3,humaneval,9,259.0,,211.7024265714469
medium,tree_k8_b3,humaneval,9,268.0,,213.48644199998535
medium,tree_k8_b3,humaneval,9,277.0,,217.50226700004626
medium,sync_k8,humaneval,10,75.0,38.70511054992676,96.05723442850575
medium,sync_k8,humaneval,10,84.0,40.02976417541504,97.11003799999676
medium,sync_k8,humaneval,10,85.0,40.122032165527344,97.23821757135053
medium,sync_k8,humaneval,10,92.0,40.306806564331055,96.71413242855621
medium,sync_k8,humaneval,10,101.0,45.04275321960449,101.45600785706115
medium,sync_k8,humaneval,10,110.0,45.62020301818848,101.94776942855127
medium,sync_k8,humaneval,10,119.0,50.64821243286133,106.93067157150242
medium,sync_k8,humaneval,10,123.0,50.50086975097656,106.81910499992728
medium,sync_k8,humaneval,10,126.0,51.651716232299805,108.06087857145545
medium,sync_k8,humaneval,10,135.0,56.74409866333008,113.17187442854677
medium,sync_k8,humaneval,10,144.0,57.51919746398926,114.04611900006117
medium,sync_k8,humaneval,10,153.0,61.01107597351074,117.37674685714923
medium,sync_k8,humaneval,10,162.0,65.64188003540039,122.10654957144871
medium,sync_k8,humaneval,10,171.0,67.95835494995117,124.49687000004896
medium,sync_k8,humaneval,10,180.0,72.30710983276367,128.8353474286695
medium,sync_k8,humaneval,10,189.0,74.86486434936523,132.69820900000846
medium,sync_k8,humaneval,10,190.0,75.18219947814941,133.00820357142368
medium,sync_k8,humaneval,10,191.0,74.06187057495117,131.236501000072
medium,sync_k8,humaneval,10,193.0,76.8585205078125,133.91399128572408
medium,sync_k8,humaneval,10,197.0,78.36651802062988,135.1114788572097
medium,tree_k8_b3,humaneval,10,75.0,,96.3185724285924
medium,tree_k8_b3,humaneval,10,84.0,,97.5497435714116
medium,tree_k8_b3,humaneval,10,85.0,,97.92627842866796
medium,tree_k8_b3,humaneval,10,92.0,,103.62476885713657
medium,tree_k8_b3,humaneval,10,101.0,,101.54214685719303
medium,tree_k8_b3,humaneval,10,110.0,,105.62976599995838
medium,tree_k8_b3,humaneval,10,119.0,,108.13339857135222
medium,tree_k8_b3,humaneval,10,123.0,,109.75366457147538
medium,tree_k8_b3,humaneval,10,126.0,,110.03308300001859
medium,tree_k8_b3,humaneval,10,135.0,,114.73768085711438
medium,tree_k8_b3,humaneval,10,144.0,,114.20118642852154
medium,tree_k8_b3,humaneval,10,153.0,,117.51106285710706
medium,tree_k8_b3,humaneval,10,162.0,,123.85024342850322
medium,tree_k8_b3,humaneval,10,171.0,,124.16481200002262
medium,tree_k8_b3,humaneval,10,180.0,,128.71179242848294
medium,tree_k8_b3,humaneval,10,189.0,,130.0966009999312
medium,tree_k8_b3,humaneval,10,190.0,,129.2044529999968
medium,tree_k8_b3,humaneval,10,191.0,,129.60862400003936
medium,tree_k8_b3,humaneval,10,193.0,,133.36600728568789
medium,tree_k8_b3,humaneval,10,197.0,,133.9922914285869
